Clue,Definition,definition_length,definition_position,Answer,def_length_pos_combined
Swinging inspector might ask to do this at a wood mill (9),Swinging/inspector might ask to do this at a wood mill,10.0,middle,SEESAWING,10.0middle
Disturb American soldier in a gallery (7),Disturb,1.0,start,AGITATE,1.0start
One checking food grabs old kitchen equipment (7),kitchen equipment,2.0,end,TOASTER,2.0end
"Duke to look round, dropping Times in censure (7)",censure,1.0,end,DEPLORE,1.0end
"Male leading Queen, an experienced performer (6)",experienced performer,2.0,end,STAGER,2.0end
"Mysterious Vern comes, not married, with ring on the other hand (1,8)",on the other hand,4.0,end,E CONVERSO,4.0end
Decent time obtained in pursuit (6),Decent,1.0,start,CHASTE,1.0start
Expected large tables for pair facing each other? (9),pair facing each other,4.0,middle,DUELLISTS,4.0middle
Sow’s first once was called a slip (5),Sow’s first once was called a slip,7.0,start,SHOTE,7.0start
"Valet in husband's tavern, drunk (10)",Valet,1.0,start,MANSERVANT,1.0start
"Some music, a feature in place of refreshment (4)",place of refreshment,3.0,end,CAFE,3.0end
Resolve to prevent note reaching people (13),Resolve,1.0,start,DETERMINATION,1.0start
"Unfinished novel, Hemingway's last, gets award (4)",,1.0,middle,EMMY,1.0middle
Busy with facial hair — mostly getting stick (6),stick,1.0,end,ATTACH,1.0end
Part of prison: a cell extended for engine casing (7),engine casing,2.0,end,NACELLE,2.0end
Bush having tip of spine inside to pierce (5),Bush,1.0,start,GORSE,1.0start
Chasing minister in Corsica about island railway (8),Chasing,1.0,start,CISELURE,1.0start
Final points in remit resolved (7),Final points,2.0,start,TERMINI,2.0start
"Firefly Leo and I manoeuvred, making excellent time (4,2,5)",excellent time,2.0,end,LIFE OF RILEY,2.0end
Meeting of two halves is unusually quorate (7),Meeting of two halves,4.0,start,EQUATOR,4.0start
Fuel that is partly undervalued (4),Fuel,1.0,start,DERV,1.0start
"Identification of woman, ’orrible one, no relation (9)",Identification,1.0,start,DIAGNOSIS,1.0start
"Air-arm, at manoeuvres, having the last word in medical equipment (12)",medical equipment,2.0,end,ARMAMENTARIA,2.0end
An old artilleryman’s casing initially too wide for one (5),wide for one,3.0,end,EXTRA,3.0end
"Soldier must take queen back, one feels (7)",one feels,2.0,end,ANTENNA,2.0end
Lady's petition (3),Lady/petition,1.0,middle,SUE,1.0middle
Most loyal employee originally recruited by hospital group (6),Most loyal,2.0,start,TRUEST,2.0start
"One taking a slug, but only a little one? (13)","One taking a slug, but only a little one?",9.0,start,FEATHERWEIGHT,9.0start
Trick expected to take in chump finally (4),Trick,1.0,start,DUPE,1.0start
Peel having something false about Liberal (5),Peel,1.0,start,FLAKE,1.0start
Speculator backed by mysterious millionaire (6),mysterious millionaire,2.0,end,GATSBY,2.0end
One on The Post recording undercover encounters? (5),One on The Post recording undercover encounters,7.0,start,NOTCH,7.0start
A man hugs another from the New World (8),from the New World,4.0,end,AMERICAN,4.0end
Fish served by maid primarily in reception room (6),Fish,1.0,start,SALMON,1.0start
Tedious last part filling empty day (6),Tedious,1.0,start,DREARY,1.0start
"I see it now, having secured release primarily and enlightenment at last? (5)","I see it now, having secured release primarily and enlightenment at last?",12.0,start,ARHAT,12.0start
City shop selling special meat including horse (5),City,1.0,start,DELHI,1.0start
Woman knocking back some chartreuse (3),Woman,1.0,start,SUE,1.0start
"Biscuit good, a coarse one! (9)",Biscuit,1.0,start,GARIBALDI,1.0start
Constable displays this at any time to some people (4),at any time to some people,6.0,end,ONST,6.0end
Infant born during recess (4),Infant,1.0,start,BABY,1.0start
Water additive gives off sulphur more regularly  (7),more regularly,2.0,end,OFTENER,2.0end
Lives with son’s relative (3),relative,1.0,end,SIS,1.0end
Ideal notion of this person's past (5),Ideal notion,2.0,start,IMAGO,2.0start
Rob mostly after a shot making no angle (6),making no angle,3.0,end,AGONIC,3.0end
African expresses disapproval with Indian leader (5),African,1.0,start,TUTSI,1.0start
Remote security exposes something hidden by competitor (9),Remote security,2.0,start,OUT-SENTRY,2.0start
Boxer dog and this setter roll (8),Boxer,1.0,start,PUGILIST,1.0start
They use axes: fruit chopped has to be hollowed out (6),They use axes,3.0,start,GRAPHS,3.0start
Slime in tavern up for drinking session (5-2),drinking session,2.0,end,BOOZE-UP,2.0end
"Following one, a second business failure (6)",failure,1.0,end,FIASCO,1.0end
Let’s have more Italian stories to entertain a hundred soldiers! (6),Let’s have more Italian,4.0,start,ANCORA,4.0start
"Sigh with a debate rambling: an expression of annoyance (5,3,3,4)",an expression of annoyance,4.0,end,WHATS THE BIG IDEA,4.0end
Who's crashed air taxi with five aboard? (8),Who's,1.0,start,AVIATRIX,1.0start
Total amount in VAT? (6),Total amount in VAT?,4.0,start,TUBFUL,4.0start
"Worrying about noise recurring in Alcatraz, say (8)",,1.0,middle,CAREWORN,1.0middle
"Erotic performer’s comeback reportedly overlooked by Hollywood police? (3,6)",Erotic performer,2.0,start,LAP DANCER,2.0start
Individual cops caught in the past (4),in the past,3.0,end,ONCE,3.0end
Account in small volume senior translated (7),Account,1.0,start,VERSION,1.0start
Movement round university where lots go (7),where lots go,3.0,end,AUCTION,3.0end
Old doctor content to leave Indian root (6),root,1.0,end,ORIGIN,1.0end
... a Labour politician with courage (5),a Labour politician with courage,5.0,end,BALLS,5.0end
"Vehicle initially transporting a football team, perhaps (4)",Vehicle,1.0,start,TAXI,1.0start
Made a call after parking crash (5),crash,1.0,end,PRANG,1.0end
"Trash read in tenet, considered (11)",considered,1.0,end,ENTERTAINED,1.0end
A very old name for a flower (4),a flower,2.0,end,AVON,2.0end
"Pretentiousness by extremely attractive miss (3,4)",miss,1.0,end,AIR SHOT,1.0end
"Request for exemption from noble marquise on vacation abroad (5,2,3)",Request for exemption from,4.0,start,COUNT ME OUT,4.0start
Mates turned up with glue for knockabout comedy (9),knockabout comedy,2.0,end,SLAPSTICK,2.0end
Dignitary and I see fool making comeback (5),Dignitary,1.0,start,PASHA,1.0start
Device in Palace re-designed to restrict parking (9),Device,1.0,start,APPLIANCE,1.0start
"Removal of stone in house cat, the last of many (9)",Removal of stone,3.0,start,LITHOTOMY,3.0start
Bar code? (5),,1.0,middle,LIQUOR LAWS,1.0middle
"Length kept in check, not bad for a cravat (9)",a cravat,2.0,end,NECKCLOTH,2.0end
Letter introducing narrow religious person (6),religious person,2.0,end,MUSLIM,2.0end
Tailor bargained for twill fabric (9),twill fabric,2.0,end,GABARDINE,2.0end
Great flag to the west regularly appearing at a distance (4),at a distance,3.0,end,AFAR,3.0end
"Tabloid’s web version, maybe, shielding bishop: that prevents red faces? (9)",that prevents red faces,4.0,middle,SUNBONNET,4.0middle
Number returning to a centre of revolution (4),centre of revolution,3.0,end,AXIS,3.0end
"Form of transport coming up, one has a periscope (3)",one has a periscope,4.0,end,SUB,4.0end
What sounds like containers made of fabric or paper (4),paper,1.0,end,SAXE,1.0end
Weakness of one group of old soldiers captured by enemy (6),Weakness,1.0,start,FOIBLE,1.0start
"Better run island, one in the Bay of Naples (5)",one in the Bay of Naples,6.0,end,CAPRI,6.0end
All others in post office can be very quick (6),very quick,2.0,end,PRESTO,2.0end
"In uncomplicated final part of course (4,8)",final part of course,4.0,end,HOME STRAIGHT,4.0end
I regret returning a mobster’s first greeting (6),greeting,1.0,end,SALAAM,1.0end
Primate — evangelical Scotsman? (6),Primate,1.0,start,SIMIAN,1.0start
"Relish stripping gold from Pinochet, say? (5)",Relish,1.0,start,GUSTO,1.0start
Sure boat at sea is a wrecker? (8),wrecker,1.0,middle,SABOTEUR,1.0middle
"Take to river, provoking argument? (3)",Take to river/argument,3.0,middle,ROW,3.0middle
Design surrounding emblem is oddly vulgar (8),vulgar,1.0,end,PLEBEIAN,1.0end
"Welsh courtier routed now, badly (4,5)",Welsh courtier,2.0,start,OWEN TUDOR,2.0start
What may qualify school to provide set of rules (7),set of rules,3.0,end,GRAMMAR,3.0end
"Small dwarf, a potential pain in the long run? (6)",a potential pain in the long run?,7.0,end,STITCH,7.0end
Patron supposed to be heard? (5),Patron,1.0,start,GUEST,1.0start
Fruity buns turn scorched on the outside? (8),scorched on the outside,4.0,middle,SUNBURNT,4.0middle
A home is beyond me — most unpleasant (7),most unpleasant,2.0,end,MEANEST,2.0end
"Muscle tightening in rugby player, long conversation ensuing? (7)",Muscle tightening,2.0,start,LOCKJAW,2.0start
Prepare the brain to conserve energy? (9),to conserve energy,3.0,middle,HIBERNATE,3.0middle
"Donate books in attractive cover to intimate (4,6)",intimate,1.0,end,GIVE NOTICE,1.0end
Manage to flee (3),,1.0,middle,RUN,1.0middle
Livelier person going downhill at the end of the working week? (8),Livelier,1.0,start,FRISKIER,1.0start
"Vegetable course spoken of, followed by whip (4,4)",Vegetable,1.0,start,ROOT CROP,1.0start
"Capital of China — Rome, strangely? (7)",Capital,1.0,start,PALERMO,1.0start
New leads on little battle? That’s gossip (6-6),gossip,1.0,end,TITTLE-TATTLE,1.0end
Strong container holds ten (6),Strong,1.0,start,POTENT,1.0start
"Reduce something bloody, having got back in time (8)",Reduce,1.0,start,DEROGATE,1.0start
"Broadcaster announced it will keep buzzers going (3,5)",it will keep buzzers going,5.0,end,BEE BREAD,5.0end
"Royal, sweet little thing (7)","Royal,/sweet little thing",3.0,middle,SULTANA,3.0middle
Sailors with expressions of surprise heading off (6),Sailors,1.0,start,LIMEYS,1.0start
Rest of weight porky lecturer carries (3-4),Rest,1.0,start,LIE,1.0start
"What some shy writers use, wanting pounds without celebrity (3,5)",What some shy writers use,5.0,start,PEN NAMES,5.0start
Alpha males engaged in welcome correspondence (9),correspondence,1.0,end,AGREEMENT,1.0end
"Strong liquor: relative's also knocked out by a pint, initially? (6)",Strong liquor,2.0,start,GRAPPA,2.0start
"Being obscene about right, comic insisted (9)",Being obscene,2.0,start,DIRTINESS,2.0start
Cry about everything (4),Cry,1.0,start,CALL,1.0start
End of speech about France is a bore (11),a bore,2.0,end,PERFORATION,2.0end
"Witch appearing with small goblin, before descending on ship (9)",Witch,1.0,start,SORCERESS,1.0start
Shell company with real investment expanded initially (6),Shell,1.0,start,COWRIE,1.0start
"Patsy’s Catholic primate, lecherous sort (9)",Patsy,1.0,start,SCAPEGOAT,1.0start
Fellow's love with doom around (5),Fellow,1.0,start,DAMON,1.0start
"Depart from Heathrow, perhaps seizing moment for break (4,4,3)",break,1.0,end,TAKE TIME OFF,1.0end
Letter revealing a union problem after seven years? (5),Letter,1.0,start,AITCH,1.0start
What poor have that rich want for? (7),What poor have/that rich want for?,6.0,middle,NOTHING,6.0middle
Flower one gentleman brought up (4),Flower,1.0,start,IRIS,1.0start
"First takes this money order, revolutionary symbol (9,4)",First takes this,3.0,start,CHEQUERED FLAG,3.0start
Mountain-climbers lifted lid on eminent scientists’ group (5),Mountain-climbers,1.0,start,TAHRS,1.0start
"Prop, you said, caught by Belfast's flankers and lock (8)",Prop,1.0,start,BUTTRESS,1.0start
"Poke about university, pleased with oneself (5)",pleased with oneself,3.0,end,PROUD,3.0end
"Speak, under pressure, in golf club (6)",golf club,2.0,end,PUTTER,2.0end
Consumable product of melting numismatist’s prize? (7),Consumable product of melting,4.0,start,RAREBIT,4.0start
Like some tall buildings much liked by fat cats? (4-4),Like some tall buildings/much liked by fat cats?,8.0,middle,HIGH-RISE,8.0middle
Look for building to accommodate any number (4),Look for,2.0,start,HUNT,2.0start
Daydreaming earl's back in court party (13),Daydreaming,1.0,start,WOOLGATHERING,1.0start
Removing centre from corn on the cob is a puzzle (4),a puzzle,2.0,end,MAZE,2.0end
Greed seen when fresh caviare’s presented (7),Greed,1.0,start,AVARICE,1.0start
"Possible mole in border, third in garden (7)",Possible mole,2.0,start,INSIDER,2.0start
This version of 15 is not seen (9),not seen,2.0,end,UNNOTICED,2.0end
Without line dancing babe wants girl that grooves (12),that grooves,2.0,end,RABBETINGSAW,2.0end
"Legendary musketeer in combat, hostile (5)",Legendary musketeer,2.0,start,ATHOS,2.0start
Pinch mistress's bottom in gallery (5),Pinch,1.0,start,TASTE,1.0start
"American comic keeping coins in supplies to audience (4,7)",,1.0,middle,PHIL SILVERS,1.0middle
Open up northern city school (10),school,1.0,end,WINCHESTER,1.0end
"More than just a trim diminutive defender accompanying teams (5,4,3,5)",More than just a trim,5.0,start,SHORT BACK AND SIDES,5.0start
Early indication favouring redistribution of estate (9),Early indication,2.0,start,FORETASTE,2.0start
Organ stop in list (8),Organ stop/list,2.0,middle,REGISTER,2.0middle
Old physician with a particular mineral (6),particular mineral,2.0,end,GALENA,2.0end
Judicious use of online fraud? Good grief! (7),Judicious use,2.0,start,ECONOMY,2.0start
"Start attack where heat is on? (4,4)",Start attack/where heat is on?,5.0,middle,OPEN FIRE,5.0middle
"Straitlaced person used a hankie, we hear? (8)",Straitlaced person,2.0,start,BLUENOSE,2.0start
Swelter uncomfortably before round’s beginning for fighter (8),fighter,1.0,end,WRESTLER,1.0end
"“Tootsie” not much of a trail for listeners (9, two words)",Tootsie,1.0,middle,LITTLETOE,1.0middle
Top people on fire among fringes in electorate (5),Top people,2.0,start,ELITE,2.0start
Mark left by injury in steep rocky outcrop (4),Mark left by injury/steep rocky outcrop,6.0,middle,SCAR,6.0middle
"Stop at sea to tell some tales? (3,2)",Stop at sea/to tell some tales?,6.0,middle,LIE TO,6.0middle
"Jew, possibly, lives with artist and priest (7)","Jew, possibly",2.0,start,ISRAELI,2.0start
Blushing politician touring Borders? (7),Blushing,1.0,start,CRIMSON,1.0start
"It combats the cold charm heartlessly used in infidelity (7,7)",It combats the cold,4.0,start,CENTRAL HEATING,4.0start
Approval to demolish the front and rear (5),rear,1.0,end,RAISE,1.0end
"Instrument requiring practice in it by 5th of October — no later (7,7)",Instrument,1.0,start,SAUSAGE BASSOON,1.0start
Prayer from crew on capsized craft (6),Prayer,1.0,start,MANTRA,1.0start
Drive round with zero speed (5),Drive,1.0,start,OOMPH,1.0start
"Horse, observed outside wood (4)",wood,1.0,end,SHAW,1.0end
Journalist raised small (very small) fortune (7),fortune,1.0,middle,DESTINY,1.0middle
"Casual woolly, back of which has faded (4)",Casual,1.0,start,AIRY,1.0start
It has gears not fully engaged (3),It has gears,3.0,start,BUS,3.0start
Twenty-four hours without any answers for firm (6),firm,1.0,end,STURDY,1.0end
Very old French bother this country: it’s all over for loser at Borodino (7),loser at Borodino,3.0,end,K,3.0end
Confronts having to collect ash container — they may be very hot (8),they may be very hot,5.0,end,FURNACES,5.0end
A greater number arrived outside British holiday resort (9),holiday resort,2.0,end,MORECAMBE,2.0end
One doesn't like shifting earth (5),One doesn't like,3.0,start,HATER,3.0start
Web image maybe of impressive proportions? (4),Web image maybe/impressive proportions?,4.0,middle,EPIC,4.0middle
Harry insulting commie makes steady progress (7),steady progress,2.0,end,DOGTROT,2.0end
Soon begrudge going into work (9),Soon,1.0,start,PRESENTLY,1.0start
Badger bishop over seaside treat (5),Badger,1.0,start,BROCK,1.0start
Freeze player is injured (8),Freeze,1.0,start,PARALYSE,1.0start
Standard source of information about one’s hosiery material (9),hosiery material,2.0,end,STOCKINET,2.0end
Contemporary description of Dec 25th? (7-3).,Contemporary/description of Dec 25th?,4.0,middle,PRESENT DAY,4.0middle
Cross-country runner / who worries? (7),Cross-country runner/who worries?,3.0,middle,HARRIER,3.0middle
Storyline relinquishing hot pace (5),,1.0,middle,TREAD,1.0middle
Driver’s warning shot makes you surrender (6),surrender,1.0,end,FOREGO,1.0end
Quietly brought up and given approval (7),given approval,2.0,end,PRAISED,2.0end
Battleship and escort initially struggling in shortage of water (11),Battleship,1.0,start,DREADNOUGHT,1.0start
The good and kind could perhaps be honoured (8),honoured,1.0,end,KNIGHTED,1.0end
"Short sleep in between, a priority (3)",Short sleep,2.0,start,NAP,2.0start
"Cornish tourist came across me, back at the front (5)",Cornish tourist,2.0,start,EMMET,2.0start
Recklessly bid a lot for popular paper (7),popular paper,2.0,end,TABLOID,2.0end
"Mobilising in the war, start to be ineffective (4,4)",start to be ineffective,4.0,end,WEAR THIN,4.0end
A wild animal died on boat (6),on boat,2.0,end,ABOARD,2.0end
Bin last trio of artichokes and cook another vegetable (7),another vegetable,2.0,end,HARICOT,2.0end
Once more afforded Soho? Odd places only (6),Once more,2.0,start,AFRESH,2.0start
"Upright object supporting leg (2,3)",Upright,1.0,start,ON END,1.0start
Long talk from salesman exuding pressure (4),Long,1.0,start,ITCH,1.0start
Foxtrot follows this contribution by fine choreographer (4),Foxtrot follows this,3.0,start,ECHO,3.0start
Composer's husband entertained by tragic king (5),Composer,1.0,start,LEHAR,1.0start
"Our Phoebe, getting worked up, a possible Brexit supporter? (9)",a possible Brexit supporter,4.0,middle,EUROPHOBE,4.0middle
Description of a nobleman taking in clubs (7),Description,1.0,start,ACCOUNT,1.0start
Hereford might be in this stunning location (8),Hereford might be in this stunning location,7.0,start,ABATTOIR,7.0start
"Extraordinary calibre on list up for promotion (6,9)",promotion,1.0,end,PUBLIC RELATIONS,1.0end
"Grand present sticks in trees (9, two words)",trees,1.0,end,GHOST,1.0end
Rural wrangling about one member of branch (7),of branch,2.0,end,RAMULAR,2.0end
"Matched husband with poet, a religious type (9)",religious type,2.0,end,METHODIST,2.0end
"Go into throwing event, last of disciplines (7)",Go into,2.0,start,DISCUSS,2.0start
"Exact account, one supporting senior minister (8)",Exact,1.0,start,ACCURATE,1.0start
Some rubbish appears wet for recycling (10),Some rubbish,2.0,start,WASTEPAPER,2.0start
"Maybe Henry VIII is displeased — it's the end of the line for some (5,5)",it's the end of the line for some,8.0,end,KINGS CROSS,8.0end
"Very fit, but distracted (5)",distracted,1.0,end,VAGUE,1.0end
Friends perhaps enter shortly after rest (6),Friends perhaps,2.0,start,SITCOM,2.0start
Fixed a strip of wood or metal around front of window (7),Fixed,1.0,start,SCREWED,1.0start
Left expert holding knight's weapon (5),weapon,1.0,end,LANCE,1.0end
"Former copper's competent, which may be forgiven (9)",which may be forgiven,4.0,end,EXCUSABLE,4.0end
One way to get involved in brother’s restaurant (6),restaurant,1.0,end,BISTRO,1.0end
Encouraged to be purified with head obscured (5),,1.0,middle,URGED,1.0middle
"King George leaves French city, receiving knight to elevate (7)",to elevate,2.0,end,ENNOBLE,2.0end
Agent X following stuff on phone (6),Agent,1.0,start,PHILBY,1.0start
Have time away from built-up area  (3),Have,1.0,start,OWN,1.0start
Detestable patient is ’ell to deal with (12),Detestable,1.0,start,PESTILENTIAL,1.0start
Blade cutting head from pig (3),Blade,1.0,start,OAR,1.0start
Unpleasant person Liberal exposed (4),Unpleasant person,2.0,start,LOUT,2.0start
Holiday: European hosts constant acrobatic entertainment (10),acrobatic entertainment,2.0,end,BREAKDANCE,2.0end
"Sets out anew, going over mountain face in second year (10)",Sets out anew,3.0,start,REDISPLAYS,3.0start
"Barren: incapable of giving a fig, presumably (10)","Barren/incapable of giving a fig, presumably",6.0,middle,UNFRUITFUL,6.0middle
"Advice on food less useful after seeing girlfriend? (4-6,4)",Advice on food,3.0,start,BEST-BEFORE DATE,3.0start
Come in in pursuit of fish and chips (9),chips,1.0,end,CARPENTER,1.0end
Unusually clear — having some sense in committing crime (9),committing crime,2.0,end,LARCENOUS,2.0end
Port with nuts passed to the left by cad (9),Port,1.0,start,ROTTERDAM,1.0start
Teacher’s pet? Not quite (5),Teacher,1.0,start,RABBI,1.0start
Demented bloke in charge (5),Demented,1.0,start,MANIC,1.0start
"What's disturbed rural blag with weapon? (7,5)",,1.0,middle,BURGLAR ALARM,1.0middle
"Persuaded sculptor to box in gym (5,2)",Persuaded,1.0,start,ROPED IN,1.0start
Confectioner not the first to copy fizz on part of wedding cake? (11),Confectioner,1.0,start,CHOCOLATIER,1.0start
Weak peacemakers just not liberal (7),Weak,1.0,start,UNHARDY,1.0start
Detective is planning to arrest uppity American officials (9),officials,1.0,end,DIPLOMATS,1.0end
"Like 9 and 0, for instance — neither one thing nor another to Shakespeare (3-4)","Like 9 and 0, for instance/neither one thing nor another to Shakespeare",12.0,middle,ODD,12.0middle
"Very warm, the Spanish inn (5)",inn,1.0,end,HOTEL,1.0end
Mark is running in trousers: they won’t support his legs (8),they won’t support his legs,5.0,end,ARMRESTS,5.0end
Divine messenger in a new set (5),Divine messenger,2.0,start,ANGEL,2.0start
"Show how un-English is honest criticism (4,7)",honest criticism,2.0,end,FAIR COMMENT,2.0end
Healthy calories and more PE sorted out cause of blocked arteries (21),cause of blocked arteries,4.0,end,HYPERCHOLESTEROLAEMIA,4.0end
Wife that was cheeky and clever (6),clever,1.0,end,EXPERT,1.0end
Function for mathematicians at home in the home counties (4),Function for mathematicians,3.0,start,SINE,3.0start
Reversal of gross imperfection in timber (4),imperfection in timber,3.0,end,KNAR,3.0end
Upper-class crystal (3-5),Upper-class/crystal,1.0,middle,CUT-GLASS,1.0middle
Idiotic order to a chap facing bull (8),chap facing bull,3.0,end,TOREADOR,3.0end
Decide to do the crossword again? (7),Decide/to do the crossword again,5.0,middle,RESOLVE,5.0middle
Rebellious group loses its first battle (6),battle,1.0,end,ACTION,1.0end
"Melange of April’s seafood?  It’s in your dreams (5,8)",in your dreams,3.0,end,FOOL,3.0end
Friendly event noble recollected (10),Friendly,1.0,start,BENEVOLENT,1.0start
Setting etc? Aiming for cryptic (9),cryptic,1.0,end,ENIGMATIC,1.0end
Reject with contempt ultimately useless banal stuff (5),Reject with contempt,3.0,start,SCORN,3.0start
Half must depart cheated for having tattoos? (5),having tattoos,2.0,middle,INKED,2.0middle
Jangle in the old way as Queen related (7),Jangle in the old way,5.0,start,QUARREL,5.0start
Sort of artist in a way associated with flags (8),Sort of artist,3.0,start,PAVEMENT,3.0start
"Isn’t Ely laid out impressively (2,5)",impressively,1.0,end,IN STYLE,1.0end
Room for keeping a type of food (5),type of food,3.0,end,HALAL,3.0end
Romantic sort of ladies sex appeal enthrals (8),Romantic,1.0,start,IDEALIST,1.0start
Part of match without a winner having incurred obligations (9),having incurred obligations,3.0,end,OVERDRAWN,3.0end
"Having secured facility on smartphone, you had talked freely (6)",talked freely,2.0,end,YAPPED,2.0end
Set in views produced from colourful yarn (4-2-3-4),Set in views,3.0,start,DYED-IN-THE-WOOL,3.0start
Cotton on / branch in tree (4),Cotton on/branch in tree,4.0,middle,TWIG,4.0middle
Silly person that would expect real profits initially! (5),,1.0,middle,TWERP,1.0middle
"Be consistent after date and pull hand back (5, two words)",Be consistent,2.0,start,ADD UP,2.0start
"Betrays count — and his successor? (5,2)",Betrays,1.0,start,TELLS ON,1.0start
Peasant’s husband seized by large force one heading west (5),Peasant,1.0,start,CHURL,1.0start
"One might make catch, some hero, dashing? (3)",One might make catch,4.0,start,ROD,4.0start
Risk grabbing Romeo's ulcer (7),ulcer,1.0,end,CHANCRE,1.0end
Go when green has changed? Start off yes (6),Go,1.0,start,ENERGY,1.0start
Root finally cracked Belgian concrete (8),concrete,1.0,end,TANGIBLE,1.0end
Use machete repeatedly with expedition! (4-4),with expedition,2.0,middle,CHOP-CHOP,2.0middle
"Popular record that's No 1, betraying dearth of talent (5)",betraying dearth of talent,4.0,end,INEPT,4.0end
Drop tool (3),Drop/tool,1.0,middle,AXE,1.0middle
"After operation, I swallowed a painkiller (6)",painkiller,1.0,end,OPIATE,1.0end
A little pasty? One must get stuck into exercises (3),A little pasty?,3.0,start,PIE,3.0start
"Saving hospital, military convoy possibly cheers (6)",cheers,1.0,end,THANKS,1.0end
Equally divides accommodation (8),Equally divides/accommodation,2.0,middle,QUARTERS,2.0middle
"Game taking day, touring the terraced houses (5-4,5)",Game,1.0,start,THREE-CARD MONTE,1.0start
Instrument tuned slightly high? Not initially (4),Instrument,1.0,start,HARP,1.0start
Type of photography US magazine used by mistake? (4-5),Type of photography,3.0,start,TIME-LAPSE,3.0start
Indignation that’s not in fashion? (7),Indignation,1.0,start,OUTRAGE,1.0start
"Ideal combination of art made me excited (5,4)",Ideal combination,2.0,start,DREAM TEAM,2.0start
Was a jumper extremely loose fitting?,Was a jumper,3.0,start,LEAPT,3.0start
"Part of Europe where Parisian wears fancy winter clothes  (3,3,9)",Part of Europe,3.0,start,THE LOW COUNTRIES,3.0start
"Nun, peaceful-sounding type (9)",Nun,1.0,start,CARMELITE,1.0start
As bandage was for lesion? (5),As bandage was/lesion,3.0,middle,WOUND,3.0middle
Eminence of member of family with superior power (9),Eminence,1.0,start,PRELATION,1.0start
"In actual fact, dance show's reaching a climax (8,8)",In actual fact,3.0,start,STRICTLY SPEAKING,3.0start
Is it possible that moods lead to explicit language? (9),language,1.0,middle,CANTONESE,1.0middle
Regularly we climb tree (3),tree,1.0,end,ELM,1.0end
Seeking to support small railway operation (8),railway operation,2.0,end,SHUNTING,2.0end
One throwing a jug (7),One throwing/a jug,3.0,middle,PITCHER,3.0middle
"Starting point for endeavour in which maybe four succeeded, reportedly? (6,3)",Starting point for endeavour,4.0,start,SQUARE ONE,4.0start
"Biker out in France, she runs German pub (10)",German pub,2.0,end,BIERKELLER,2.0end
Dirty books in second venue for literary festival (6),Dirty,1.0,start,SHABBY,1.0start
"Marine creature turned up alone, shivering in Spanish port (9)",Spanish port,2.0,end,BARCELONA,2.0end
"Cut down unknown number of same-aged lambs? Yes, cruelly (5)",cruelly,1.0,end,FELLY,1.0end
Best time to run in defeat (9),Best,1.0,start,WORTHIEST,1.0start
Feelings of tension as crackers start to snap (10),Feelings,1.0,start,SENSATIONS,1.0start
"Yarn written with pen, page being out of order (7)",Yarn,1.0,start,GENAPPE,1.0start
"Drive away reformed killer, perhaps, wiser after case dismissed (8)",Drive away,2.0,start,EXORCISE,2.0start
Use Socratic method of discussion — what could be noisier? (7),Use Socratic method of discussion,5.0,start,IRONISE,5.0start
Large piece for VIP (6),VIP,1.0,end,BIGWIG,1.0end
Await half-suppressed spits (6),Await,1.0,start,EXPECT,1.0start
"Initially exposing omission, turning over part of text (4)",part of text,3.0,end,PAGE,3.0end
"Getting unseated, mounted fighter's lost face (6)",Getting unseated,2.0,start,OUSTER,2.0start
Reject a mushroom in Jersey etc — it’ll make youretch (6),it’ll make youretch,3.0,end,IPECAC,3.0end
Cover over swimming pool (4),swimming pool,2.0,end,LIDO,2.0end
"Sweet having me in calmer race, somehow (5,7)",Sweet,1.0,start,CREME CARAMEL,1.0start
Fruit tree separated from fruit (5),Fruit,1.0,start,APPLE,1.0start
"Ballerina’s posture worked at steadily, endlessly (4)",Ballerina’s posture,2.0,start,PLIE,2.0start
"Absolute decision by two umpires in agreement? (3,3,3)",Absolute,1.0,start,OUT AND OUT,1.0start
"Good swimmer, going too far, about to flip (5)",Good swimmer,2.0,start,OTTER,2.0start
Party after support gaining seat (8),seat,1.0,end,BACKSIDE,1.0end
"Alexander’s Feast, say, after composition with parts coming separately (9)",with parts coming separately,4.0,end,PIECEMEAL,4.0end
"Hungry, I turn and see jerky (8)",Hungry,1.0,start,ESURIENT,1.0start
What may suffer from mangled feet and badly gored leg? (8),What may suffer from mangled feet,6.0,start,DOGGEREL,6.0start
"One knight holding sword back, trapping another in cone-shaped mesh (7)",cone-shaped mesh,2.0,end,KEEPNET,2.0end
Great sort of game (4),Great,1.0,start,MEGA,1.0start
Sharp American spies returned to protect detectives (6),Sharp,1.0,start,ACIDIC,1.0start
"Briefly on fire, Roman priest almost smothers bishop (6)",,1.0,middle,FLAMBE,1.0middle
Journey north to support soldier reveals pattern (7),pattern,1.0,end,PARAGON,1.0end
Get on with head of crime in New York bureau (6),bureau,1.0,end,AGENCY,1.0end
Large wife enthralled by a deer moving downwind(7),downwind,1.0,end,LEEWARD,1.0end
Poles brought in money for viola (5),viola,1.0,end,PANSY,1.0end
Body part I displayed on greeting athlete’s achievement (7),Body part,2.0,start,HIPBONE,2.0start
"Listener’s problem demanding attention with chopper, briefly (6)",Listener’s problem,2.0,start,EARWAX,2.0start
"The end of Oasis, rubbish band (6)",band,1.0,end,STRIPE,1.0end
"Awful rat, Spain supporter (8)",supporter,1.0,end,PARTISAN,1.0end
Directors supporting trophy cabinet (8),cabinet,1.0,end,CUPBOARD,1.0end
"Sack needed by deadpan alien: it smothers the flames (4,7)",it smothers the flames,4.0,end,FIRE BLANKET,4.0end
Start working with group (5),Start,1.0,start,ONSET,1.0start
Art involved with son’s Latin renderings (12),renderings,1.0,end,TRANSLATIONS,1.0end
"Discharge male employees, having finally set remuneration (7)",remuneration,1.0,end,PAYMENT,1.0end
"American boy outside shouting where are hidden presents? (4,3)",where are hidden presents,4.0,middle,BRAN TUB,4.0middle
Shackles press with these (5),Shackles/press with these,3.0,middle,IRONS,3.0middle
"Face father pressed by whopping herbivore (10, two words)",,1.0,middle,GIANT PANDA,1.0middle
Woman not one to go after morning coffee (9),coffee,1.0,end,AMERICANO,1.0end
Spanish island business located in Iowa (5),Spanish island,2.0,start,IBIZA,2.0start
"This, installed across the pond, to make flight optional? (8)","This, installed across the pond, to make flight optional?",9.0,start,ELEVATOR,9.0start
"Tread the boards at Criterion theatre, taking leading parts (3)",Tread the boards,3.0,start,ACT,3.0start
Legal profession's drinking den (3),Legal profession's drinking den,4.0,start,BAR,4.0start
One into folding paper and leather is an artist (3-10),an artist,2.0,end,PRE-RAPHAELITE,2.0end
"One might betray characteristic worry, oddly overlooked (7)",One might betray,3.0,start,TRAITOR,3.0start
At home wearing shoddy stuff - a flaw (5),flaw,1.0,end,TAINT,1.0end
Happy boys in game with yours truly (8),Happy,1.0,start,GLADSOME,1.0start
Sweet place to hold the Royal Ball,Sweet,1.0,start,SORBET,1.0start
Fat pig eating starters of raw greens — wow! (11),wow,1.0,middle,FLABBERGAST,1.0middle
"Old countryman, chap with ship in Scottish port (8)",Old countryman,2.0,start,ASSYRIAN,2.0start
"A twit not finishing a twitch, making some waves? (8)",some waves,2.0,middle,ADRIATIC,2.0middle
"Extremely responsible chap, one standing in for monarch (6)",one standing in for monarch,5.0,end,REGENT,5.0end
"Thoughtlessly mean corruption, leading to rage? (6-7)",Thoughtlessly,1.0,start,PARROT,1.0start
"Next to boy, insect buzzing round (6)",Next to,2.0,start,BESIDE,2.0start
Add nothing for form of wrestling (4),form of wrestling,3.0,end,SUMO,3.0end
An end to this callous contempt (5),contempt,1.0,end,SCORN,1.0end
Touching address finally by head of Europol leading investigation (8),investigation,1.0,end,RESEARCH,1.0end
"Money for Seniors left in San Diego Open unexpectedly (3-3,7)",Money for Seniors,3.0,start,OLD,3.0start
Enthusiasm keeps injured one in battle,battle,1.0,end,EL ALAMEIN,1.0end
"Strange mystery involving minute, pleasing form? (8)",pleasing form?,2.0,end,SYMMETRY,2.0end
Make wealthy leaders of English nobility remain in city homes (6),Make wealthy,2.0,start,ENRICH,2.0start
"Fish boxes offering spaces for wheels (3,5)",spaces for wheels,3.0,end,CAR PARKS,3.0end
Partners cutting low quality feldspar (9),feldspar,1.0,end,MOONSTONE,1.0end
Parent with very difficult dog (7),dog,1.0,end,MASTIFF,1.0end
Pet reason for developing an artificial language (9),an artificial language,3.0,end,ESPERANTO,3.0end
Most of camp moving into fortress (7),fortress,1.0,end,BASTION,1.0end
Wet British weather initially irritating an East European (9),East European,2.0,end,UKRAINIAN,2.0end
Good American group making strengthener for garment (6),strengthener for garment,3.0,end,GUSSET,3.0end
Cardinal knew many on the inside (6),Cardinal,1.0,start,NEWMAN,1.0start
"Roll amazes, prepared with unknown cheeses (11)",cheeses,1.0,end,MOZZARELLAS,1.0end
"What many investors do is part of some movies (12, two words)",part of some movies,4.0,end,LOVE INTEREST,4.0end
Condemn act of piracy in plain language (9),Condemn,1.0,start,PROSCRIBE,1.0start
"If all else fails, the grand tour will end here (2,3,4,6)",If all else fails,4.0,start,IN THE LAST RESORT,4.0start
"Suffering cutting pains, incline to show weakness (8,4)",weakness,1.0,end,ACHILLES HEEL,1.0end
Encrustation to mount (5),Encrustation/mount,1.0,middle,SCALE,1.0middle
Romantic English celebs pursue papers (8),Romantic,1.0,start,IDEALIST,1.0start
"Cutter wallows and yaws endlessly under southern cape (6,3)",Cutter,1.0,start,SCROLL SAW,1.0start
Played the part of cadet at sea (5),Played the part,3.0,start,ACTED,3.0start
Loose screw in the firearm (10),firearm,1.0,end,WINCHESTER,1.0end
"Distance achieved by missile, front of boat's on fire? (7)",Distance achieved by missile,4.0,start,BOWSHOT,4.0start
"Ring for the head, boy needing permit (7)",Ring for the head,4.0,start,CHAPLET,4.0start
"Block, and flow perfectly (4,4)",perfectly,1.0,end,DAMN WELL,1.0end
Family animals up for a bit of a walk (4),bit of a walk,4.0,end,STEP,4.0end
"Swallow nesting afresh, bottom of garden abandoned (6)",Swallow,1.0,start,INGEST,1.0start
Musical canon’s duty list (4),Musical canon/duty list,3.0,middle,ROTA,3.0middle
"Language of Hamlet — old lines becoming quite a mouthful! (6,6)",quite a mouthful,3.0,middle,DANISH PASTRY,3.0middle
Result of being not prepared to back away? (3),Result of being not prepared to back away,8.0,start,WAR,8.0start
Musical style it's rude to sing (9),Musical style,2.0,start,BLUEGRASS,2.0start
Family beginning to generate loud noise (5),loud noise,2.0,end,CLANG,2.0end
"Wife’s left at Crewe, due to change train again",train again,2.0,end,RE-EDUCATE,2.0end
Official recalled film full of hot passion (6),full of hot passion,4.0,end,FERVID,4.0end
English town’s fresh flood defence (6),English town,2.0,start,NEWARK,2.0start
One imposing cuts potentially a threat to security (6),One imposing cuts,3.0,start,HACKER,3.0start
Feline in revamped Disney corporation (9),corporation,1.0,end,SYNDICATE,1.0end
Turtle avoiding soft ground (7),ground,1.0,end,TERRAIN,1.0end
Scraped a result worse than an F (6),Scraped,1.0,start,GRATED,1.0start
"Fascist piglet? (6,6)",,1.0,middle,LITTLE HITLER,1.0middle
Race the old lady runs with unusual hat on (8),Race,1.0,start,MARATHON,1.0start
"Dreadful cooked lamb, say (7)",Dreadful,1.0,start,ABYSMAL,1.0start
Schedule for lightweight: yours truly! (9),Schedule,1.0,start,PROGRAMME,1.0start
"Reposition soldiers on island, for example moving north (9)",Reposition,1.0,start,REARRANGE,1.0start
Performance involving Roman couple in which female is greatly exalted (7),greatly exalted,2.0,end,DEIFIED,2.0end
Race with crew in sporting division (9),sporting division,2.0,end,FLYWEIGHT,2.0end
Translation of this page involves conclusion of plot with many strands (9),with many strands,3.0,end,SPAGHETTI,3.0end
Most senior of the French embraced by English lieutenant (6),Most senior,2.0,start,ELDEST,2.0start
A US lot losing heart unfortunately in Oklahoman city (5),Oklahoman city,2.0,end,TULSA,2.0end
Ale supplier having bartender empty pitcher (6),Ale supplier,2.0,start,BREWER,2.0start
"Prediction heard if warning players (7,8)",Prediction,1.0,start,WEATHER FORECAST,1.0start
A loud cry after wife’s total failure (7),total failure,2.0,end,WASHOUT,2.0end
… is what it will be if the typist doesn’t get a shift on (8),… is what it will be if the typist doesn’t get a shift on,14.0,start,ASTERISK,14.0start
Grip left in odd storage space on ship (12),Grip,1.0,start,STRANGLEHOLD,1.0start
"Judicial speciality having edge in everything covered by comment from beak? (8,3)",Judicial speciality,2.0,start,CRIMINAL LAW,2.0start
"Northern home, one virtually dark (5)",Northern home,2.0,start,IGLOO,2.0start
Character in Greek article volunteers (5),Character in Greek,3.0,start,THETA,3.0start
Hatching a plot? Fascinating! (10),Hatching a plot?/Fascinating!,3.0,middle,INTRIGUING,3.0middle
Item the Parisian found under lorry (7),Item,1.0,start,ARTICLE,1.0start
"Reserve first of tables in coastal area (3,5)",Reserve,1.0,start,SET ASIDE,1.0start
A Guernsey detective cut off sharpish (6),,1.0,middle,ACIDIC,1.0middle
"Pith helmet, best one (4)",Pith helmet,2.0,start,TOPI,2.0start
One prompting motion reconstituting a vile tax,One prompting motion,3.0,start,LAXATIVE,3.0start
"Descend from on high bringing contract  (4,4,4)",Descend from on high bringing/contract,5.0,middle,COME DOWN WITH,5.0middle
"Large Italian male, loose-limbed (5)",loose-limbed,1.0,end,LITHE,1.0end
Troublesome insect perhaps over sauce (5),sauce,1.0,end,PESTO,1.0end
Roman road circling two lakes and country house (5),country house,2.0,end,VILLA,2.0end
Flog business during sudden upswing (7),Flog,1.0,start,SCOURGE,1.0start
"Limit relaxation, taking shower? (8)",Limit,1.0,start,RESTRAIN,1.0start
"Key adversely affects stuffing pipe down bog  (4,5)",bog,1.0,end,SALT MARSH,1.0end
"Escape grasping wife, getting clean away? (5)",clean away,2.0,middle,SWEEP,2.0middle
Grass left to grow up on island (4),Grass,1.0,start,DARI,1.0start
Servant who could be Eritrean (8),Servant,1.0,start,RETAINER,1.0start
Husband put in delicate position (5),,1.0,middle,NICHE,1.0middle
Expression of despair by pedestrian performer allowed no rehearsal? (5-6),performer allowed no rehearsal?,4.0,end,SIGHT,4.0end
Consequences of one initially minor agreement (6),Consequences,1.0,start,IMPACT,1.0start
Given food — or a hat! (6),hat,1.0,middle,FEDORA,1.0middle
Holy Land area within borders of sand (6),Holy,1.0,start,SACRED,1.0start
Music from revolutionary agent welcomed to state ball (7),,1.0,middle,CALYPSO,1.0middle
"Exclusive group start to enter through low gate (3,2-5)",Exclusive group,2.0,start,THE IN,2.0start
Private leaving the field hurt? (8),Private/leaving the field hurt,4.0,middle,RETIRING,4.0middle
"Star mimed, unexpectedly, halfway through (9)",,1.0,middle,MIDSTREAM,1.0middle
Los Angeles - less than clean (7),clean,1.0,end,LAUNDER,1.0end
Organ the archbishop has installed (3),Organ,1.0,start,EAR,1.0start
Grunts of young one on the line (8),Grunts,1.0,start,INFANTRY,1.0start
"Hurried a bit, nearly producing kidnapper's demand (6)",kidnapper's demand,2.0,end,RANSOM,2.0end
Sidekick's scheme's last to start (4),Sidekick,1.0,start,AIDE,1.0start
Current cartographers put back rail line on map (6),line on map,3.0,end,ISOBAR,3.0end
Internal organs ultimately destroy neighbour of Kildare (6),neighbour of Kildare,3.0,end,OFFALY,3.0end
Partiality shown by arts graduates around India (4),Partiality,1.0,start,BIAS,1.0start
Knotty old lady? (6),Knotty old lady,3.0,start,GRANNY,3.0start
Paper reviewed green comic strip (8),comic strip,2.0,end,GARFIELD,2.0end
Lapps tear apart this fruit (4-5),Lapps tear,2.0,start,STAR,2.0start
Northern city quickly attracting any number (7),Northern city,2.0,start,PRESTON,2.0start
Fleet member — 7 falling short (6),Fleet,1.0,start,ARMADA,1.0start
City where de Gaulle would appear after church (5),City,1.0,start,ARLES,1.0start
Tango leaves part of leg extended above the normal level (4),extended above the normal level,5.0,end,HIGH,5.0end
What can clear stuff in port? Get strainer out (8),What can clear stuff in port,6.0,start,TRANSIRE,6.0start
"Play safe with hammer (5,3)",Play,1.0,start,PETER PAN,1.0start
Carpentry tool from church lies abandoned (6),Carpentry tool,2.0,start,CHISEL,2.0start
Hong Kong's about to arrest one Punjabi? (4),Punjabi,1.0,middle,SIKH,1.0middle
Fake illness needs mother to stay around (8),Fake illness,2.0,start,MALINGER,2.0start
"Toppled tyrant ultimately disgraced, beheaded (7)",Toppled,1.0,start,TUMBLED,1.0start
Baddy on street serving protest (13),protest,1.0,end,DEMONSTRATION,1.0end
"Gas money in the US, superior to your old pounds (8)",Gas,1.0,start,DIMETHYL,1.0start
A course of action ending in surly indifference (6),indifference,1.0,end,APATHY,1.0end
Barges Les manoeuvred around front of ship (6),Barges,1.0,start,ELBOWS,1.0start
Snatching mobile for bit of a lark could be the beginning of this (8),Snatching mobile for bit of a lark could be the beginning of this,13.0,start,STEAMING,13.0start
"Young hare loses head, circling top of snowy mountain (7)",mountain,1.0,end,EVEREST,1.0end
"Hack back old-fashioned, short frizzy hairdo (8)",Hack,1.0,start,REPORTER,1.0start
"East Anglian student involved in a row? (9,4)",East Anglian student involved in a row,7.0,start,CAMBRIDGE BLUE,7.0start
Choirboy maybe briefly gets up after Fiona and Hazel (7),Hazel,1.0,end,FILBERT,1.0end
Policeman’s list of wrong-doers (9),Policeman,1.0,start,CONSTABLE,1.0start
Point to suggest without complication (6),without complication,2.0,end,SIMPLY,2.0end
Surrender of California vessel (4-2),Surrender,1.0,start,CAVE-IN,1.0start
Variety of agate needs working unknown times (4),Variety of agate,3.0,start,ONYX,3.0start
Think logically with reference to a male child (6),Think logically,2.0,start,REASON,2.0start
Facing work to advance start of earning (8),Facing,1.0,start,OPPOSITE,1.0start
In the Netherlands sleuth cocked up a hard case (8),a hard case,3.0,end,NUTSHELL,3.0end
Bigoted Illinois artist involved in defamation,Bigoted,1.0,start,ILLIBERAL,1.0start
Subordinate position receives a command (9),Subordinate,1.0,start,SATELLITE,1.0start
"Hugo is mad, moving around foreign capital (9)",foreign capital,2.0,end,MOGADISHU,2.0end
"Maybe extra keen on encounter (3,4)",encounter,1.0,end,RUN INTO,1.0end
"Military group you join together, we hear (4)",Military group,2.0,start,UNIT,2.0start
"Alas, nut wrong fruit! (7)",fruit,1.0,middle,SULTANA,1.0middle
A Gypsy heading north through European region (7),European region,2.0,end,MORAVIA,2.0end
"Overstep the mark and move twelve inches back, right? (2,3,3)",Overstep the mark,3.0,start,GO TOO FAR,3.0start
"Neighbourhood watch, roughly fifty (5)",Neighbourhood,1.0,start,LOCAL,1.0start
Performer rejected new routine (4),Performer,1.0,start,TURN,1.0start
"Sportsman's father not taking sides, accepting foul shot (7)",Sportsman,1.0,start,ATHLETE,1.0start
Liking head of sculpture in London gallery (5),Liking,1.0,start,TASTE,1.0start
"Something sending elderly relative to sleep? Answer where nothing’s spoken (5,5)",where nothing’s spoken,3.0,end,GRAND OPERA,3.0end
"Predict a feeling of annoyance, getting hit hard (7)",hit hard,2.0,end,BETHUMP,2.0end
"A fee piously thrown over, certainly ironically (11, three words)",certainly ironically,2.0,end,IF YOU PLEASE,2.0end
Flightless bird in Prague museum (3),Flightless bird,2.0,start,EMU,2.0start
"Chilly precipitation’s coming up, bringing nerves (6)",nerves,1.0,end,STEELS,1.0end
"Missing opening, cannon section ring and reverberate (2-4)",reverberate,1.0,end,RE-ECHO,1.0end
"Note misuse of ""me"" and ""I"", borders on careless one.(8)  -",misuse,1.0,middle,SOLECISM,1.0middle
"Nothing pleasant pending (2,3)",pending,1.0,end,ON ICE,1.0end
A largely penniless place of learning in the Midlands (5),place of learning in the Midlands,6.0,end,ASTON,6.0end
"Not close to Italian? On the contrary (3,4,2)",On the contrary,3.0,end,FAR FROM IT,3.0end
Stop for welcome morsel (8),Stop,1.0,start,PROHIBIT,1.0start
One investigates broken lute in case of Sherlock Holmes initially (6),One investigates,2.0,start,SLEUTH,2.0start
Cephalonia’s interior is steaming — get as far from the sun as possible (8),as far from the sun as possible,7.0,end,APHELION,7.0end
Fiddler supposedly taking part in Wagner opera (4),Fiddler supposedly,2.0,start,NERO,2.0start
Stress English politician has income support initially (8),Stress,1.0,start,EMPHASIS,1.0start
"Keeling over, hot servicemen expire, sadly (4)","expire, sadly",2.0,end,SIGH,2.0end
Prize relating to hospital section (6),Prize,1.0,start,REWARD,1.0start
Note appended to records by popular artist (7),artist,1.0,end,EPSTEIN,1.0end
Greek character's teacup regularly avoided (3),Greek character,2.0,start,TAU,2.0start
What cow does in periods of depression? (4),What cow does/periods of depression,5.0,middle,LOWS,5.0middle
Revolutionary number left heading west (5),Revolutionary,1.0,start,LENIN,1.0start
Trump’s slow burn about every hot campesino (11),campesino,1.0,end,SMALLHOLDER,1.0end
The sort of beast the solver sounds like (3),The Raw: flu | Cleaned: flu | Label: nan    ❌ 
sort of beast,4.0,start,EWE,4.0start
Safe shelter in “new” Durham town (8),“new” Durham town,3.0,end,PETERLEE,3.0end
Joy in grand old tranquillity (4),Joy,1.0,start,GLEE,1.0start
Pull girl over who is dawdling (7),who is dawdling,3.0,end,LAGGARD,3.0end
"Car maintenance business? It doesn't make much (7,8)",It doesn't make much,4.0,end,SERVICE INDUSTRY,4.0end
Crisis antics are anyhow in vain (12),vain,1.0,end,NARCISSISTIC,1.0end
No place for Scott or Janis to wed (4),,1.0,middle,JOIN,1.0middle
"Line of cabs, first one leaving (4)",Line,1.0,start,AXIS,1.0start
"Children's drink more costly, like some of their books? (3-2)",like some of their books?,5.0,end,POP,5.0end
Dispute starts to frustrate regular dispute resolvers (6),Dispute,1.0,start,FRACAS,1.0start
"Two islands to worry about, first encountered in Ulysses (8)",first encountered in Ulysses,4.0,end,MULLIGAN,4.0end
"Winning entailed galloping astride horse (2,3,4)",Winning,1.0,start,IN THE LEAD,1.0start
"Subject of certain theories, complicated yet trivial (10)",Subject of certain theories,4.0,start,RELATIVITY,4.0start
Supports sailors imprisoning one behind the scenes (10),behind the scenes,3.0,end,BACKSTAIRS,3.0end
Tooth powder manufacturer (7),Tooth/powder manufacturer,2.0,middle,GRINDER,2.0middle
"Urge is visible, we hear (6)",Urge,1.0,start,INCITE,1.0start
No drinks served half-heartedly in these? (9),,1.0,middle,NOSHERIES,1.0middle
Church under pressure to accommodate gold in hall (5),hall,1.0,end,PORCH,1.0end
Unique runner left in a game,Unique,1.0,start,MATCHLESS,1.0start
"Pain? Nothing, nothing to upset animal (8)",animal,1.0,end,PANGOLIN,1.0end
Mostly criminal men punching mug or suckers (10),,1.0,middle,ASPIRATORS,1.0middle
"Ignore police officers on patrol, it’s said (9)",Ignore,1.0,start,DISREGARD,1.0start
Character waited for leave period (5),Character waited for,3.0,start,GODOT,3.0start
Forebear caught stabbing a wise old king (8),Forebear,1.0,start,ANCESTOR,1.0start
Apparently rational European ruined  (6),ruined,1.0,end,UNMADE,1.0end
Dairy product's around jug where drinks come from (9),where drinks come from,4.0,end,BREWERIES,4.0end
Partner no longer to make fast ground in SW England (6),ground in SW England,4.0,end,EXMOOR,4.0end
Run through gardens before accessing sacred hollow (8),Run through,2.0,start,SKEWERED,2.0start
Screen restaurant close to home (6),Screen,1.0,start,GRILLE,1.0start
One of those on the fiddle — and bit of a racket? (6),One of those on the fiddle/bit of a racket,9.0,middle,STRING,9.0middle
"Subject to bet, it could be inferior to Axminster (8)",could be inferior to Axminster,5.0,end,UNDERLAY,5.0end
Software aims to include cool extra sections (10),,1.0,middle,APPENDICES,1.0middle
Inexpensive carpet only initially has pile (5),Inexpensive,1.0,start,CHEAP,1.0start
A wicket with line wrong (4),,1.0,middle,AWRY,1.0middle
Eye part   one studies (5),Eye part/one studies,3.0,middle,PUPIL,3.0middle
Cold atmosphere at new stone mound (5),stone mound,2.0,end,CAIRN,2.0end
"Share the Sunday joint, do we hear? (4)",Share,1.0,start,METE,1.0start
"God, I sat on nails! (8)",God,1.0,start,POSEIDON,1.0start
"Fork out about two pounds, like a friend (5)",like a friend,3.0,end,PALLY,3.0end
"As told, look after united country (6)",country,1.0,end,UGANDA,1.0end
Picture harbour with fish (7),Picture,1.0,start,PORTRAY,1.0start
Little beast returning from dissolute revels (7),Little beast,2.0,start,LEVERET,2.0start
"Clip vehicle, a black one, narrowly missing American (9)",Clip,1.0,start,CARABINER,1.0start
"Printing unit, sound and arousing jealousy (8)",arousing jealousy,2.0,end,ENVIABLE,2.0end
"Set on eating this? (2,6)",Set on eating this,4.0,start,TV DINNER,4.0start
Evil King Edward blocked by good Harry (6),Harry,1.0,end,BADGER,1.0end
"People getting some education in Exeter or Warwick, say (10)","Exeter or Warwick, say",4.0,end,RACECOURSE,4.0end
Finally nibble crackers passed round with this? (4),Finally nibble crackers passed round with this/Finally nibble crackers passed round with this,13.0,middle,EDAM,13.0middle
Glaring error primarily confronted by advocates generally (9),Glaring,1.0,start,BAREFACED,1.0start
Getting close to burning with change of wind direction upfront (7),Getting close to,3.0,start,NEARING,3.0start
Viper sliding around before noon is deadly biter (7),deadly biter,2.0,end,VAMPIRE,2.0end
Amusement papers served up with subjective account,Amusement,1.0,start,DIVERSION,1.0start
"Rodent initially caught on yellow plant, unfortunately (5)",Rodent,1.0,start,COYPU,1.0start
"Fellow, very popular, holding a flower (7)",flower,1.0,end,GENTIAN,1.0end
"Sound from hooter in retreat, is hooting! (7)",Sound from hooter,3.0,start,ATISHOO,3.0start
‘Innocent’ Alice being false – no good inside (7),‘Innocent’,1.0,start,ANGELIC,1.0start
Double quantities of drink universal in country house (7),country house,2.0,end,CHATEAU,2.0end
Old and anxious but not very demanding (7),demanding,1.0,end,ONEROUS,1.0end
"Aptly learn swimming, as father treats child? (10)",as father treats child,4.0,middle,PATERNALLY,4.0middle
One’s under canvas to relax at length (5),One’s under canvas,3.0,start,EASEL,3.0start
"Make a choice: revolutionary science, visual science (6)",visual science,2.0,end,OPTICS,2.0end
Welsh town mostly to respond over Christmas coming up (8),Welsh town,2.0,start,CAERLEON,2.0start
"Lean one knee out, keeping centre of gravity balanced (2,2,4,4)",balanced,1.0,end,ON AN EVEN KEEL,1.0end
Individual forks out pounds for old French coin (3),old French coin,3.0,end,SOU,3.0end
Two notes correctly so long (8),so long,2.0,end,FAREWELL,2.0end
What almost half of us wanted to do on the ocean (6),What almost half of us wanted to do,8.0,start,REMAIN,8.0start
Prohibition has young hooligan stuck in outhouse (6),stuck in outhouse,3.0,end,BARNED,3.0end
Discounted wine leader brought in (7),Discounted,1.0,start,REDUCED,1.0start
Girl is after varying rough indicator of time (9),indicator of time,3.0,end,HOURGLASS,3.0end
Rhode Island's one and only savoury dish? (7),savoury dish,2.0,middle,RISSOLE,2.0middle
Right height in English river (5),river,1.0,end,RHINE,1.0end
"Getting up, 5 consumes first of its fibre (5)",fibre,1.0,end,SISAL,1.0end
Groom cheerful after kiss (5-2),Groom,1.0,start,BRUSH-UP,1.0start
Dock workers' organisation on the rise (3),Dock,1.0,start,CUT,1.0start
One easily taken in by prophet’s light material (10),light material,2.0,end,SEERSUCKER,2.0end
Healthy food reportedly goes for a song (12),a song,2.0,end,GREENSLEEVES,2.0end
Return of old woman to heave boxes (7),Return,1.0,start,REMATCH,1.0start
Ring to listen to one half of animated pair (7),Ring,1.0,start,GROMMET,1.0start
"Who'll guide a dreamer lost without plan at first? (3,6)",Who'll guide,2.0,start,MAP READER,2.0start
Regularly putting note to the last name (6),name,1.0,end,EVELYN,1.0end
Tend to run up banks of Seine (5),Tend to,2.0,start,NURSE,2.0start
"Venomous man, a day tripper (8)",tripper,1.0,end,ACIDHEAD,1.0end
"Tunes, each differently arranged for nightclub singer (9)",nightclub singer,2.0,end,CHANTEUSE,2.0end
Medical officer to come over for sport (9),sport,1.0,end,MOTOCROSS,1.0end
"Something for American children to eat these days, put in cakes (4,5)",Something for American children to eat,6.0,start,SNOWCONES,6.0start
Group circling the globe to find frozen dessert (6),frozen dessert,2.0,end,SORBET,2.0end
Children eating — sadly no child wanted fruit  (9),fruit,1.0,end,TANGERINE,1.0end
"Calm, primate eating green seeds (7)",Calm,1.0,start,APPEASE,1.0start
"Become cheerful, helping out in a mess — nothing to lose(7,2)",Become cheerful,2.0,start,LIGHTEN UP,2.0start
Drinks late on? They won't help you keep a cool head then (9),Drinks late on,3.0,start,NIGHTCAPS,3.0start
NW state unfortunately ends with black lava (6),NW state,2.0,start,ALASKA,2.0start
Dark-haired fellow in punt tackling course (6),Dark-haired fellow,2.0,start,BRUNET,2.0start
"Own extremely fashionable cat, on reflection (4,2)",Own,1.0,start,FESS UP,1.0start
Missile['s] power staggered sailor (7),Missile,1.0,start,POLARIS,1.0start
Long-distance runner having zero energy (4),Long-distance runner,2.0,start,NILE,2.0start
"Nervous, looking over a cliff? (2,4)",Nervous,1.0,start,ON EDGE,1.0start
John is able to dance (6),dance,1.0,end,CANCAN,1.0end
Guardian of public rights bans a Parisian race (5),race,1.0,end,TRIBE,1.0end
"She succeeds, using trendy woman’s current ploys, we hear (10)",She succeeds,2.0,start,INHERITRIX,2.0start
Utter nothing in between (8),Utter,1.0,start,THOROUGH,1.0start
Indoctrination of supporter in laundry? (12),Indoctrination,1.0,start,BRAINWASHING,1.0start
"I saw, or see, monarch astride horse (6)",I saw,2.0,start,LOGGER,2.0start
Large fish seen in Gibraltar pond (6),Large fish,2.0,start,TARPON,2.0start
"Woman cuddling baby, eating a hot snack (9)",hot snack,2.0,end,ENCHILADA,2.0end
"Celebrate noisily with band: I arranged backing (5,2,2)",Celebrate noisily,2.0,start,WHOOP IT UP,2.0start
Was bather panicking at first in flood? (5),flood,1.0,middle,SWAMP,1.0middle
"Valuable box: safe found in stretch in river (8,5)",Valuable box,2.0,start,TREASURE CHEST,2.0start
Record-holder rolled up in warm weather? (6),Record-holder/rolled up in warm weather?,5.0,middle,SLEEVE,5.0middle
Pin on (3),Pin/on,1.0,middle,LEG,1.0middle
100 mature British gents finished back on ship? That's callous (4-11),That's callous,2.0,end,COLD,2.0end
Body found in squat surrounded by refuse (7),Body,1.0,start,DENSITY,1.0start
Tom Potter is trained as an eye specialist (11),an eye specialist,3.0,end,OPTOMETRIST,3.0end
Physical activity cut out without hesitation (8),Physical activity,2.0,start,EXERCISE,2.0start
Great to keep remaining Northern soldiers in control (10),control,1.0,end,GOVERNMENT,1.0end
An approving gesture about girl (5),girl,1.0,end,DONNA,1.0end
Not too bright about location of Taj Mahal?  Here’s a plan (7),Here’s a plan,3.0,end,DIAGRAM,3.0end
"Bird, single, 21 (4)",Bird,1.0,start,IBIS,1.0start
Insect that buzzes around girl in the country (6),country,1.0,end,BELIZE,1.0end
Try to spot invisible character in play (5),invisible character in play,4.0,end,GODOT,4.0end
Mix up first of banks to offer loans (5),Mix up,2.0,start,BLEND,2.0start
Indian animal that’s awful crossing a lake (5),Indian animal,2.0,start,BALOO,2.0start
Hearsay from second I trust (5),Hearsay,1.0,start,ON-DIT,1.0start
Indian board game is one behind chap playing (7),Indian board game,3.0,start,PACHISI,3.0start
"Boy guarded by soldier on list, upcoming fighter (9)",,1.0,middle,GLADIATOR,1.0middle
Muscle initially bulging in chaps exercising pretty solidly (6),Muscle,1.0,start,BICEPS,1.0start
Difficult to understand — certain it must be rewritten (9),Difficult to understand,3.0,start,INTRICATE,3.0start
"A stroll in the park leads up garden path to gorge (4,5)",A stroll in the park,5.0,start,KIDS STUFF,5.0start
Dump commander's jacket in boat (5),Dump,1.0,start,SCRUB,1.0start
"Chess icon playing with hobo as there’s no alternative (7,6)",there’s no alternative,3.0,end,HOBSONS CHOICE,3.0end
Official verses and unfinished scores (8),Official,1.0,start,LINESMAN,1.0start
Aim to preserve a set of books in cabin (6),cabin,1.0,end,SHANTY,1.0end
Heavy breather coming round to eat spread (7),Heavy breather,2.0,start,GRAMPUS,2.0start
Flag with damage carried by European vessel (7),Flag,1.0,start,EARMARK,1.0start
Digger’s card (5),Digger/card,1.0,middle,SPADE,1.0middle
Archaeological find: group with cash prepared to support it (11),,1.0,middle,SARCOPHAGUS,1.0middle
Termination's accepted by secretary to produce growth (6),to produce growth,3.0,end,EXPAND,3.0end
Volcano: bet goes up (4),Volcano,1.0,start,ETNA,1.0start
Unattached and promiscuous (5),Unattached/promiscuous,1.0,middle,LOOSE,1.0middle
Like old Peruvian serving prison sentence (5),Like old Peruvian,3.0,start,INCAN,3.0start
Father of Mickey Mouse half abandoned Pluto (3),Pluto,1.0,end,DIS,1.0end
Immature creature raised in a year (4),Immature creature,2.0,start,PUPA,2.0start
Bet inn air could become intoxicating (9),intoxicating,1.0,end,INEBRIANT,1.0end
Open sandwiches are commonly initially ham (7),ham,1.0,end,OVERACT,1.0end
"Pipe blown as letter's read out by Spooner (5,7)",Pipe blown,2.0,start,PENNY WHISTLE,2.0start
"Reddish lolly, a sweet snack? (11)",a sweet snack,3.0,middle,GINGERBREAD,3.0middle
Unopened beer and glass smashed for charity,charity,1.0,end,LARGESSE,1.0end
Had lilies regularly dropped round for girl (4),girl,1.0,end,ELLA,1.0end
Hack possibly putting run in stockings? (5),Hack possibly,2.0,start,HORSE,2.0start
Speak at length with person living overseas missing queen (9),Speak at length,3.0,start,EXPATIATE,3.0start
Scary — as a lycanthrope? (5),Scary/as a lycanthrope,3.0,middle,HAIRY,3.0middle
Ringroad has part that’s got spoken about (7),Ringroad,1.0,start,ORBITAL,1.0start
Energy about a brass band's sound (6),brass band's sound,3.0,end,OOMPAH,3.0end
"Fire extinguisher taken from prison: warder finally in court subject to questioning (7,4)",Fire extinguisher,2.0,start,STIRRUP PUMP,2.0start
Convincing oneself car has motion (14),Convincing oneself,2.0,start,AUTOSUGGESTION,2.0start
Good man has certainly to remain steady (4),to remain steady,3.0,end,STAY,3.0end
"this made me laugh. A den might be a lair, so if DENNY means “like a den”, LAIRY can do likewise. I suspected “lairy” might be an Aussie word, and Chambers agrees, but here it is!",,1.0,middle,,1.0middle
Clearing books one has stopped cancelling (11),Clearing,1.0,start,NEGOTIATING,1.0start
"Page unfinished judge takes on to work out (4,4)",work out,2.0,end,PUMP IRON,2.0end
"Some love he-men, tough, very intense (8)",very intens,2.0,middle,VEHEMENT,2.0middle
English vehicles for Welshman? (5),Welshman?,1.0,end,EVANS,1.0end
Paint a picture of harbour and fish (7),Paint a picture,3.0,start,PORTRAY,3.0start
"What's rude about article becomes relevant (2,3,5)",relevant,1.0,end,TO THE POINT,1.0end
A change in store at sea? (6),at sea,2.0,middle,AFLOAT,2.0middle
"Our new envoy foolishly crosses king — anything could happen! (3,5,4)",anything could happen!,3.0,end,YOU NEVER KNOW,3.0end
"Damp squib, you might say, encapsulating the ultimate in dreary gossip  (4,6)",gossip,1.0,end,NOSY PARKER,1.0end
"Not in power, party men will be not in the house (7)",not in the house,4.0,end,OUTDOOR,4.0end
Lover once and I getting in bed? It's a bold act (7),a bold act,3.0,end,EXPLOIT,3.0end
"After present, left watch for sculptor (9)",sculptor,1.0,end,DONATELLO,1.0end
Plant spread easily in awkward position (10),Plant,1.0,start,CORNFLOWER,1.0start
Canadian city aware of having hill to the north (7),Canadian city,2.0,start,TORONTO,2.0start
"German artist doesn't understand Russian, English and Romanian at first (5)",German artist,2.0,start,DURER,2.0start
Clothing subject to damage through use (9),,1.0,middle,UNDERWEAR,1.0middle
Bloke bound to succeed getting hold of iron cow (6),cow,1.0,end,HEIFER,1.0end
Holiday site that's quiet by river (4),Holiday site,2.0,start,CAMP,2.0start
Loyal worker upholding Conservative way (8),Loyal,1.0,start,CONSTANT,1.0start
Scrap old leaders in Daily Mail during depression (7),Scrap,1.0,start,ODDMENT,1.0start
One business area's last resort (5),resort,1.0,end,IBIZA,1.0end
Daughter has one final letter — the long version — made shorter (9),made shorter,2.0,end,DOWNSIZED,2.0end
Pretend an eccentric was boring (9),was boring,2.0,end,TREPANNED,2.0end
"Rare stone is indulgence after changing hands over an evening, informally (11)",Rare stone,2.0,start,LUXULYANITE,2.0start
Skin of fruit’s twisted to drop off (5),drop off,2.0,end,SLEEP,2.0end
Curl copper up round edge (5),Curl,1.0,start,CRIMP,1.0start
"Celebrities with a brand new South American flag (5,3,4)",American flag,2.0,end,STARS AND BARS,2.0end
"Consume a British dessert, but not last two portions (6)",Consume,1.0,start,ABSORB,1.0start
"During short nap, smell most like foam rubber",most like foam rubber,4.0,end,SPONGIEST,4.0end
Wrong to keep people in terrible pain (7),,1.0,middle,TORMENT,1.0middle
Stories about old bishop? They may be articulated (7),They may be articulated,4.0,end,LORRIES,4.0end
"In east of France, a woman’s book (6)",book,1.0,end,ESTHER,1.0end
"As a result of whistle-blower, the mineral deposit’s protected (9)",As a result,3.0,start,THEREFORE,3.0start
"It’s blooming Weller at last, valet now getting replaced  (9)",It/It’s blooming,2.0,middle,NAVELWORT,2.0middle
Nothing working for disgraced politician (5),disgraced politician,2.0,end,NIXON,2.0end
"Blooming head of theatre and choir take off (5,9)",Blooming head,2.0,start,GLOBE ARTICHOKE,2.0start
Father and mother embracing the Spanish girl (6),girl,1.0,end,PAMELA,1.0end
A Roman general: one that’s riveting for the audience  (7),A Roman general,3.0,start,AGRIPPA,3.0start
"In place of wild dancing, doctors knock around quietly (4,3)",place of wild dancing,4.0,middle,MOSH PIT,4.0middle
More obvious career for cobblers (10),cobblers,1.0,end,BALDERDASH,1.0end
A jolly cleaner goes round one piece of furniture (8),piece of furniture,3.0,end,ARMCHAIR,3.0end
Queen is aboard newer boat at sea or on river? (10),on river,2.0,middle,WATERBORNE,2.0middle
This man's with it — worker maybe destined to lose? (8),maybe destined to lose?,4.0,end,HESITANT,4.0end
Clubs to break old rule for French writer (6),French writer,2.0,end,RACINE,2.0end
Some aeroplanes Biggles sent up for playfellow (5),playfellow,1.0,end,IBSEN,1.0end
Partly form a law in an African country (6),African country,2.0,end,MALAWI,2.0end
US composer whinges awfully about intro of record (8),,1.0,middle,GERSHWIN,1.0middle
Money flowing out of London indexes at first (4),Money,1.0,start,QUID,1.0start
Granny's first attempt to digest a French report (7),report,1.0,end,GUNSHOT,1.0end
"Fur-coated drag specialist, say, about to pass quickly through Oscar party (6,3)",Fur-coated drag specialist,3.0,start,ESKIMO DOG,3.0start
Change of name? I'll second that (4),I'll second that,3.0,end,AMEN,3.0end
Through which spirit is poured out of sight (5),Through which spirit is poured out/of sight,7.0,middle,OPTIC,7.0middle
Greek city corners recalled Athens at first,Greek city,2.0,start,SPARTA,2.0start
Condemn the amount managers are paid? (8),Condemn,1.0,start,EXECRATE,1.0start
"In need of opening, kitchen passage (5)",passage,1.0,end,ALLEY,1.0end
Hombre who stashes drink (4),drink,1.0,end,BREW,1.0end
Mum on edge starts to bring anti-depressants from a part of the kitchen (7),a part of the kitchen,5.0,end,MARIMBA,5.0end
Complaints caused by Conservative-Liberal relationship (7),Complaints,1.0,start,CLAMOUR,1.0start
Act involving three thousand outside university (4),Act,1.0,start,MUMM,1.0start
Holy ship’s company mostly in blue (6),Holy,1.0,start,SACRED,1.0start
Company went without leader as old as you and I (9),Company,1.0,start,ENTOURAGE,1.0start
Defence playing worst during counterattack (10),Defence,1.0,start,BREASTWORK,1.0start
"Building bird table without support ultimately, one improvises  (2,6)",one improvises,2.0,end,AD LIBBER,2.0end
Opened church in the country (6),Opened,1.0,start,LANCED,1.0start
"Putting up with individual cordoning off street’s archaeological feature (8,5)",archaeological feature,2.0,end,STANDING STONE,2.0end
Actors / thrown (4),Actors/thrown,1.0,middle,CAST,1.0middle
"In court, youngster takes in many at first — very many! (7)",very many,2.0,middle,UMPTEEN,2.0middle
After a job (4),After/ job,2.0,middle,POST,2.0middle
Company receives order beginning to march with soldier (8),soldier,1.0,end,COMMANDO,1.0end
The German artist’s consumer’s guide,consumer’s guide,2.0,end,DIETITIAN,2.0end
He is naughty nabbing two maidens put in a trap (6),put in a trap,4.0,end,IMMESH,4.0end
Pernicious agents altered Nixon's route (11),Pernicious agents,2.0,start,NEUROTOXINS,2.0start
Approval to arrest one lout (3),lout,1.0,end,OIK,1.0end
Sanctimonious about minister’s former convictions (8),former convictions,2.0,end,PREVIOUS,2.0end
System for better transport (4),System for better/transport,3.0,middle,TOTE,3.0middle
"Primarily, noses always sound, appropriately, like - this? (5)",like - this?,3.0,end,NASAL,3.0end
"Second trial dropped in place of overall cuts? (8,4)",place of overall cuts?,4.0,end,SHEARING SHED,4.0end
Oscar sitting down to eat cereal (7),cereal,1.0,end,OATMEAL,1.0end
Drink making you sardonic in speech? (3),Drink,1.0,start,RYE,1.0start
A good number remain endlessly uncertain about what to believe (8),uncertain about what to believe,5.0,end,AGNOSTIC,5.0end
Affected by exposure in The Sun — camera-shy maybe? (5-9),,1.0,middle,PHOTO-SENSITIVE,1.0middle
"Revamped tablets, such as may be charged in, eg, All Souls Buttery (7)","such as may be charged in, eg, All Souls Buttery",10.0,end,BATTELS,10.0end
Founder of colony and member of one showing flag (7),flag,1.0,end,PENNANT,1.0end
"Succulent fruit piece, half gone (5)",Succulent fruit,2.0,start,MANGO,2.0start
"Badly done now? Oops! Here’s booby prize (6,5)",booby prize,2.0,end,WOODEN SPOON,2.0end
Record seen at game in capital city (10),capital city,2.0,end,MONTEVIDEO,2.0end
"Havana boxer one good to punch body (5,4)",Havana boxer,2.0,start,CIGAR CASE,2.0start
The right doctor assembled emergency room gauge (11),gauge,1.0,end,THERMOMETER,1.0end
Most important individual item in cemetery (10),item in cemetery,3.0,end,GRAVESTONE,3.0end
Sick cat faints? That’s bizarre (9),bizarre,1.0,end,FANTASTIC,1.0end
Stop to make a speech about international decline (11),decline,1.0,end,DETERIORATE,1.0end
"Intelligence-based short course not for sharing (5,4)",not for sharing,3.0,end,ENTRE NOUS,3.0end
Cat book unfinished (3),Cat,1.0,start,TOM,1.0start
Head of chapter restricts company for church officer (6),church officer,2.0,end,DEACON,2.0end
Big Herb is relaxing in bunk (9),bunk,1.0,end,GIBBERISH,1.0end
Girl I left in meadow (5),Girl,1.0,start,LEILA,1.0start
Back rooms requiring work: one’s nonetheless to be suitable for lawgiver (14),Back rooms,2.0,start,OPISTHODOMOSES,2.0start
Visitor reckoned to be heard (5),Visitor,1.0,start,GUEST,1.0start
"Match-winner, or miss? There’s nothing in it (6,4)",Match-winner,1.0,start,GOLDEN GOAL,1.0start
"Left, maybe, taken apart (8)","Left, maybe/taken apart",3.0,middle,UNPICKED,3.0middle
"Verse in translation, initially extremely hard (6)",hard,1.0,end,SEVERE,1.0end
"One of a group of painters, six, entertained by German play (7)",One of a group of painters,6.0,start,FAUVIST,6.0start
Internet pest missing start of leisurely walk (5),Internet pest,2.0,start,TROLL,2.0start
"With show of diplomacy, regularly discuss strategy (7)",strategy,1.0,end,TACTICS,1.0end
What oenophiles may hold in reserve: smart! (7),What oenophiles may hold,4.0,start,TASTING,4.0start
"Unfortunate lad ending up in place where fire broke out (7,4)",place where fire broke out,5.0,end,PUDDING LANE,5.0end
One million central to assets — that's a rough guess (8),rough guess,2.0,end,ESTIMATE,2.0end
"Get the better of equestrian lacking aspiration, like her say (9)",like her say,3.0,end,OUTDOORSY,3.0end
Girl nonetheless much reduced (5),Girl,1.0,start,ETHEL,1.0start
Herb around old French bread now (4),French bread now,3.0,end,EURO T,3.0end
Separate trip taking in golf game (9),game,1.0,end,PARTRIDGE,1.0end
Union leader leaving well-liked part of London (6),part of London,3.0,end,POPLAR,3.0end
Coarse east European taking Victor for British (6),Coarse,1.0,start,VULGAR,1.0start
The woman Basil cut short? (3),The woman,2.0,start,HER,2.0start
Site of impact of old plane beside river (6),Site of impact,3.0,start,CRATER,3.0start
"New toys lured men, to a considerable degree (12)",to a considerable degree,4.0,end,TREMENDOUSLY,4.0end
One assists a traveller leaving capital (5),One assists,2.0,start,AIDER,2.0start
"- ({w}ORK HAS*) [""ruined""] + I [one], semi-&lit",,1.0,middle,,1.0middle
Attention required in class — might one be leaning on desk? (7),might one be leaning on desk,6.0,middle,FOREARM,6.0middle
Graduate severe about one current leading teacher (9),leading teacher,2.0,end,MAHARISHI,2.0end
"Rearrange a space as in inland lake (7,3)",inland lake,2.0,end,CASPIAN SEA,2.0end
"Immobilize reticent type, parking (5)",Immobilize,1.0,start,CLAMP,1.0start
"Bottle for perfume that's disgusting, we hear (4)",Bottle for perfume,3.0,start,VIAL,3.0start
Stock European bon mot? (5),Stock,1.0,start,EQUIP,1.0start
"Nursing different part of the leg, I turned out for team (9,6)",team,1.0,end,ROTHERHAM UNITED,1.0end
Eg Annie’s extraordinary claims about university (7),Eg Annie,2.0,start,MUSICAL,2.0start
Constant? Never secure (4),secure,1.0,end,KNOT,1.0end
Scholarly American's volume found on a railway (8),Scholarly,1.0,start,LITERARY,1.0start
"Copper, like gold, is toxic stuff (6)",toxic stuff,2.0,end,CURARE,2.0end
Pulpit constructed by a Doctor Love? (4),Pulpit,1.0,start,AMBO,1.0start
With no pressure move to capture small portion (5),small portion,2.0,end,OUNCE,2.0end
Popular French novelist's son in Scottish city (9),Scottish city,2.0,end,INVERNESS,2.0end
Duke outdated as he used to go by every time (4),Duke outdated,2.0,start,NEIF,2.0start
Notice difficulty (4),Notice/difficulty,1.0,middle,SPOT,1.0middle
"Where one may find tea leaves practically secured (2,3,3)",Where one may find tea leaves/practically secured,7.0,middle,IN THE BAG,7.0middle
English travel showing self-importance (3),self-importance,1.0,end,EGO,1.0end
"Harp playing adopted by one daughter, left by herself? (8)",left by herself?,3.0,end,ORPHANED,3.0end
What strains company taking on moon explorer (8),What strains,2.0,start,COLANDER,2.0start
"Negotiator, during legal sessions, beginning to edit record (12)",Negotiator,1.0,start,INTERMEDIARY,1.0start
"Devious trap-door hides head of hairy spider, say (9)","spider, say",2.0,end,ARTHROPOD,2.0end
Son and relations hide (4),hide,1.0,end,SKIN,1.0end
Fine arresting extremes of opulent love poem (6),love poem,2.0,end,EROTIC,2.0end
One demonstrating fashion line? (5),One demonstrating,2.0,start,MODEL,2.0start
Animal in a cell — a second has been regularly raised (6),Animal in a cell,4.0,start,AMOEBA,4.0start
"Male that is eating corn, say, gets a headache (8)",a headache,2.0,end,MIGRAINE,2.0end
Broadcast facts that are a Cockney journalist’s own (11),own,1.0,end,ACKNOWLEDGE,1.0end
Left Western Europe for part of West Africa (7),art of West Africa,4.0,end,LIBERIA,4.0end
"Choose ends like every captain, toss at first (5)",Choose,1.0,start,ELECT,1.0start
City haunt making delicious pastry? (6),delicious pastry,2.0,middle,ECLAIR,2.0middle
Frank's good poker hand (8),Frank/good poker hand,3.0,middle,STRAIGHT,3.0middle
Item subject to inflation following a crash,Item subject to inflation following a crash,7.0,start,AIRBAG,7.0start
Mock appeal for peace by dreamers in the centre (4),Mock,1.0,start,SHAM,1.0start
One dealing with gender-fluid performer (10),One dealing,2.0,start,TRANSACTOR,2.0start
Quite awful Los Angeles drink (7),drink,1.0,end,TEQUILA,1.0end
"Extremely docile, weepy, moist (4)",moist,1.0,end,DEWY,1.0end
Pa and I had curious elegy from Edmund on the death of a daughter  (9),elegy from Edmund on the death of a daughter,9.0,end,DAPHNAIDA,9.0end
Enjoys hot cooked meat dish (4),cooked meat dish,3.0,end,HASH,3.0end
"Grass skirts from Burma, low around back initially (6)",Grass,1.0,start,BAMBOO,1.0start
Spellbound? That’s right and appropriate (4),Spellbound,1.0,start,RAPT,1.0start
Obscure appeal by maiden (4),Obscure,1.0,start,MASK,1.0start
"With sensitive information, European Community in bizarre protest (3-6)",With sensitive information,3.0,start,TOP-SECRET,3.0start
"A pole proclaims my job in saloon, say, at capital’s west side (6)",A pole proclaims my job,5.0,start,BARBER,5.0start
American men and nations in turmoil (10),American,1.0,start,MINNESOTAN,1.0start
"Blocking the rejection of hot stuff, I am useful (5)",am useful,2.0,end,AVAIL,2.0end
Richly adorned Eastern believer eclipsed by lovely daughter (10),Richly adorned,2.0,start,BEJEWELLED,2.0start
"Squash, say, not right with a particular cheese  (5)",particular cheese,2.0,end,GOUDA,2.0end
Doctor going by boat in capital (6),capital,1.0,end,MOSCOW,1.0end
"Plant in medium Yorkshire town mostly not that great ultimately (4,7)",Plant,1.0,start,MILK THISTLE,1.0start
Worker interrupting start of this odd outburst (7),outburst,1.0,end,TANTRUM,1.0end
Reject most of panel in Lincoln (6),Reject,1.0,start,ABJURE,1.0start
Ball girl chosen for final footie match (10),,1.0,middle,CINDERELLA,1.0middle
Most demanding strain on one entering exam (9),Most demanding,2.0,start,TRICKIEST,2.0start
"Directly opposed: in general, opening up (5)",Directly opposed,2.0,start,POLAR,2.0start
Attempting to find oneself online fun: e-gigs or raves (3-7),Attempting to find oneself online,5.0,start,EGO,5.0start
US investigator with mobile for underground worker (7),,1.0,middle,FROGMAN,1.0middle
"Singers of music, keeping time",Singers,1.0,start,BLUEBIRDS,1.0start
One has Bond smashing luge into pieces (9),One has Bond,3.0,start,SUPERGLUE,3.0start
Judge on Charlie's case (5),case,1.0,end,CRATE,1.0end
"Conceited, sticks around (4)",Conceited,1.0,start,SMUG,1.0start
Unfashionable job in faraway place (7),faraway place,2.0,end,OUTPOST,2.0end
Poseur writing about pretentious rubbish (6-5),Poseur,1.0,start,SMARTY-PANTS,1.0start
Bottle for Brecht's mother (7),Bottle/Brecht's mother,2.0,middle,COURAGE,2.0middle
"Rash, heartless and hollow (6)",hollow,1.0,end,RECESS,1.0end
Insulting term directed against bishop in paper,Insulting term,2.0,start,RATBAG,2.0start
"Harsh year, marked by pollution (5)",marked by pollution,3.0,end,GRIMY,3.0end
Person in surgery admitting green look (5),look,1.0,end,DECOR,1.0end
"Fall apart, having cold and noise in stomach? (7)",Fall apart,2.0,start,CRUMBLE,2.0start
Pawn that queen needs to move? (4-3),Pawn,1.0,start,CATS,1.0start
Female taking leave in sort of cordial working arrangement (9),working arrangement,2.0,end,FLEXITIME,2.0end
Doctor frees police up (8),police up,2.0,end,MOUNTIES,2.0end
Daughter has got these last ten clues! (5),these last ten clues,4.0,middle,DOWNS,4.0middle
Last Shakespearean character (6),Last/Shakespearean character,2.0,middle,BOTTOM,2.0middle
Not entirely light batter (3),batter,1.0,end,LAM,1.0end
"What ensures voting success? Manipulating voting age! (7,8)",What ensures voting success,4.0,start,WORKING MAJORITY,4.0start
Husband to Mathilde perhaps housing old south sea islander (5),south sea islander,3.0,end,MAORI,3.0end
Replace some coins (6),Replace/some coins,2.0,middle,CHANGE,2.0middle
Promotion of article supporting ancient city in EU country (11),Promotion,1.0,start,FURTHERANCE,1.0start
Cry that is about to reverberate endlessly (7),Cry,1.0,start,SCREECH,1.0start
"Resigned from music group, one featuring in commercial (9)",Resigned from,2.0,start,ABANDONED,2.0start
Radio unit taking great pains to broadcast (9),Radio unit,2.0,start,MEGAHERTZ,2.0start
"Misdirect a soldier and there could be this (3,2,4,4)",Misdirect a soldier and there could be this,8.0,start,EGG ON ONES FACE,8.0start
"Dire subscription service here could be seen as depravity (5, two words)",subscription service,2.0,middle,PAY TV,2.0middle
Kind of speech I state is maybe Marxist? (11),maybe Marxist?,2.0,end,DIALECTICAL,2.0end
"Egg on starter of chicken, he starts to eat ramen (5)",Egg on,2.0,start,CHEER,2.0start
Captain of boat has permits to travel (10),Captain of boat,3.0,start,SHIPMASTER,3.0start
Borders crossing close to notable French city (5),French city,2.0,end,REIMS,2.0end
Son nervous describing grasses (5),describing grasses,2.0,end,SEDGY,2.0end
Outbuilding quietly removed from Greek battle site (4-2),Outbuilding,1.0,start,LEAN-TO,1.0start
"Rattle, say, very nearly storms out without a note (7)","Rattle, say",2.0,start,MAESTRO,2.0start
Our welcoming cricket club brings spring to mind (5),spring to mind,3.0,end,OCCUR,3.0end
"Turned, using saw to set about cedar, finally (7)",Turned,1.0,start,TRENDED,1.0start
What could be small member's helmet? (5),helmet,1.0,middle,ARMET,1.0middle
"Joggers do it right, in small measure (4)",Joggers do it,3.0,start,TROT,3.0start
Judge’s wine imbibed by molecular biologist briefly (6),Judge,1.0,start,CRITIC,1.0start
"Plant to burgeon around ocean, on reflection (9)",Plant,1.0,start,SPEEDWELL,1.0start
Ordinal with tenet that's controversial (9),Ordinal,1.0,start,TWENTIETH,1.0start
"Holds small book up containing Listener and unfinished Jumbo (4,4)",Holds,1.0,start,BEAR HUGS,1.0start
Isotonic solution chap brought into function (6),Isotonic solution,2.0,start,SALINE,2.0start
"Forward, notice, avoiding header (4)",Forward,1.0,start,LOCK,1.0start
You are stopping recovery in the countryside (7),in the countryside,3.0,end,RURALLY,3.0end
Heard of spying when reaching the top (7),reaching the top,3.0,end,PEAKING,3.0end
I live with cross mountain dweller,mountain dweller,2.0,end,IBEX,2.0end
Crabbit sort’s preferable twa-handed drinker with no breadth (8),Crabbit sort’,2.0,start,ETTERCAP,2.0start
Grope for board game (8),Grope for/board game,3.0,middle,SCRABBLE,3.0middle
Indians echo line (6),line,1.0,end,INCASE,1.0end
"“Yes, I am competent” is answer to this? That's pleasing (7)",pleasing,1.0,end,AMIABLE,1.0end
Fashion workers enthralled by child’s flower (6-2-3),flower,1.0,end,FORGET-ME-NOT,1.0end
Day rent fell? (7),fell,1.0,middle,DRIPPED,1.0middle
"Flatten incisive article perhaps taken out of newspaper (5,7)",article perhaps taken out of newspaper,6.0,end,PRESS CUTTING,6.0end
Homeless old lady sheltering in barrel (7),Homeless,1.0,start,VAGRANT,1.0start
Sovereign holds good man to be lawbreaker (7),lawbreaker,1.0,end,RUSTLER,1.0end
"Essential element of old bomb soldiers sometimes guard (7,1)",Essential element,2.0,start,VITAMIN D,2.0start
Likely to go off with the least amount of a shock? (4-7),Likely to go off with the least amount of a shock?,11.0,start,HAIR,11.0start
"Nick overheard beginning to design strange instrument (5,4)",instrument,1.0,end,STEEL DRUM,1.0end
Democrat here is French and least likely to succeed? (7),least likely to succeed?,4.0,end,DICIEST,4.0end
Prize given to Republican fund manager (9),,1.0,middle,TREASURER,1.0middle
"Slouch about, having lost heart in muggy Scottish weather (4)",muggy Scottish weather,3.0,end,MOCH,3.0end
"Drunk must conceal wine, which is novel",novel,1.0,end,UNCLE TOMS CABIN,1.0end
"Passage is guarded by porter, say (5)",Passage,1.0,start,AISLE,1.0start
Learning to conserve one foreign flower (5),foreign flower,2.0,end,LOIRE,2.0end
"Vessel in service yielding easy money with craft (5,4)",Vessel in service,3.0,start,GRAVY BOAT,3.0start
Fine-tune variable way of working on holiday (9),holiday,1.0,end,HONEYMOON,1.0end
Dear writer of verses has penned two pages (6),Dear,1.0,start,POPPET,1.0start
"Strangely, Gill not ringing (7)",ringing,1.0,end,TOLLING,1.0end
Mirror in Quebec house (4),Mirror,1.0,start,ECHO,1.0start
Dope getting left in depression (4),depression,1.0,end,GLEN,1.0end
Support for library users? (9),Support for library users?,4.0,start,BOOKSHELF,4.0start
Be suspicious of some nonconformist rusticated (8),Be suspicious of,3.0,start,MISTRUST,3.0start
What fighter may carry out through following cunning (5),What fighter may carry out,5.0,start,FLYBY,5.0start
"Smothering resistance, recklessly pays up for ancient document (7)",ancient document,2.0,end,PAPYRUS,2.0end
"Bloomer ruined tree? I'll say! (6,4)",Bloomer,1.0,start,EASTER LILY,1.0start
Curious how day’s dim (7),dim,1.0,end,SHADOWY,1.0end
Mushroom dessert northern men sent up (9),Mushroom,1.0,start,MOUSSERON,1.0start
Municipal officer beginning to cheer in call for round of drinks (6),Municipal officer,2.0,start,SCHOUT,2.0start
European notes tucking into tea in Indian city (7),Indian city,2.0,end,CHENNAI,2.0end
A prosecuting officer’s girl (3),girl,1.0,end,ADA,1.0end
"One entering part of the church, innocent (5)",innocent,1.0,end,NAIVE,1.0end
Reside at home at this stage (6),Reside,1.0,start,INHERE,1.0start
Take advantage of former plan to tour India (7),Take advantage of,3.0,start,EXPLOIT,3.0start
Cultured person losing head (4),Cultured,1.0,start,ARTY,1.0start
Composer from Wales met an arranger (7),Composer,1.0,start,SMETANA,1.0start
"Heavy bouncer coming from BMA social? (8,4)",Heavy bouncer,2.0,start,MEDICINE BALL,2.0start
Stay at the front?,Stay at the front?,4.0,start,TRUCE,4.0start
"A scorer briefly crossing a sort of green, one at the White House once (7,7)",one at the White House once,6.0,end,ABRAHAM LINCOLN,6.0end
Somewhat petty complaint rejected in break (8),Somewhat petty,2.0,start,SMALLISH,2.0start
New corset bishop must get out of? Fat chance!,Fat chance,2.0,middle,NO DICE,2.0middle
Lulu longing to entertain married princess (9),Lulu,1.0,start,HUMDINGER,1.0start
"Former statesman’s to agitate briefly with South American, reportedly (12)",Former statesman’s,2.0,start,CHURCHILLIAN,2.0start
Primate I listened to repeatedly (3-3),,1.0,middle,AYE-AYE,1.0middle
"At some stage note error also needs correction (6,2,5)",At some stage,3.0,start,SOONER OR LATER,3.0start
Part to go round audibly (4),Part,1.0,start,ROLE,1.0start
"Fizzy drink delivery outside extremely shoddy base for armchair sport? (7,8)",armchair sport?,2.0,end,FANTASY FOOTBALL,2.0end
"Inaccuracy of English bishop, one with old American cape (13)",Inaccuracy,1.0,start,ERRONEOUSNESS,1.0start
Hold back burden (7),Hold back/burden,2.0,middle,REFRAIN,2.0middle
V & A visitor most uncertain (7),most uncertain,2.0,end,VAGUEST,2.0end
Ornamentation adjusted for uniform twice,Ornamentation,1.0,start,FROUFROU,1.0start
Lie about insect being in food that's sent back (8),Lie about,2.0,start,STAGNATE,2.0start
"College head wanting a good book, devoid of current jargon (12)",jargon,1.0,end,TECHNOBABBLE,1.0end
Space around this heath (4),heath,1.0,end,MOOR,1.0end
Four getting stuck into the drink — it's bubbly (5),bubbly,1.0,end,ALIVE,1.0end
Endless filth is ghastly (4),ghastly,1.0,end,GRIM,1.0end
One who’s stopped working on island (7),One who’s stopped working,4.0,start,RETIREE,4.0start
"Composer’s hard day, struggling by noon (5)",Composer,1.0,start,HAYDN,1.0start
"Fame about now, heading for notoriety (6)",Fame,1.0,start,RENOWN,1.0start
Home for hermit in Home Counties — like Hades (8),Home for hermit,3.0,start,SEASHELL,3.0start
"Windy river, confined in another river (10)",Windy,1.0,start,SERPENTINE,1.0start
"Yes, I have long fingers (3-3)",Yes/I have long fingers,4.0,middle,AYE-AYE,4.0middle
Some unfortunate fish (4),fish,1.0,end,TUNA,1.0end
Covers ring with one large layer of earth (7),layer of earth,3.0,end,TOPSOIL,3.0end
"One sooty worker after a good wash / winning all the prizes (1,5,5)",One sooty worker after a good wash// winning all the prizes,11.0,middle,A CLEAN SWEEP,11.0middle
Ruled out old notion about duke having died (8),,1.0,middle,EXCLUDED,1.0middle
Old magistrate taking bible class the day before (5),Old magistrate,2.0,start,REEVE,2.0start
Guarantee rebuke when scratching head (6),Guarantee,1.0,start,ENSURE,1.0start
"Places one appreciates at first, visiting island in eastern state (9)",in eastern state,3.0,end,MALAYSIAN,3.0end
"Article put out on home brewing (2,3,3)",brewing,1.0,end,IN THE AIR,1.0end
Brother’s set about roughly in brawl (6),brawl,1.0,end,FRACAS,1.0end
Romp curtailed by French girlfriend in city (7),city,1.0,end,LARAMIE,1.0end
Resist outcast from the east (5),Resist,1.0,start,REPEL,1.0start
Rock climber following one — look — on way up (7),Rock,1.0,start,OLIVINE,1.0start
"First dance with nothing on may go down like this! (4,7)",may go down like this,5.0,middle,LEAD BALLOON,5.0middle
Nail for horses harness (4),Nail/harness,1.0,middle,TACK,1.0middle
"I love 1AM ramble, after changing into jogging things?  (11)",jogging things,2.0,middle,MEMORABILIA,2.0middle
"Health worker, poorly insured, firm admitted (8,5)",Health worker,2.0,start,DISTRICT NURSE,2.0start
Military leader and Roman emperor beheaded Roman orator (6),Roman orator,2.0,end,CICERO,2.0end
"One measures / a big gun, perhaps? (5)","One measures/a big gun, perhaps",5.0,middle,RULER,5.0middle
"Fijian with toothache tries this, somewhat soft on gargling (5)",Fijian with toothache tries this,5.0,start,TONGA,5.0start
Eccentric boasted when cutting southern Yankee (6),Eccentric,1.0,start,SCREWY,1.0start
"50 per cent of satellites orbited off course in region of solar system (8,4)",region of solar system,4.0,end,ASTEROID BELT,4.0end
"Fail to win compassion, become disillusioned (4,5)",become disillusioned,2.0,end,LOSE HEART,2.0end
"Attempt place in event (4,3)",event,1.0,end,SHOT PUT,1.0end
One heading for snow protected by mountain is a famousNorwegian (5),a famousNorwegian,2.0,end,IBSEN,2.0end
Old Arab people hospitalised? (7),Old Arab,2.0,start,SARACEN,2.0start
Statement true about city dumping yen (7),Statement,1.0,start,RECITAL,1.0start
Agent almost penniless (5),penniless,1.0,end,BROKE,1.0end
Present taken up  (3),Present,1.0,start,NOW,1.0start
Old person using their teeth in passing (6),in passing,2.0,end,OBITER,2.0end
Richardson’s girl topped Pasternak’s  (7),Richardson’s girl topped Pasternak’s/Pasternak’s,4.0,middle,LARISSA,4.0middle
Spots some Scottish Water precipitation (8),precipitation,1.0,end,RASHNESS,1.0end
"From where child may feed tame animal immediately (3,2,4)",From where child may feed tame animal/immediately,7.0,middle,OUT OF HAND,7.0middle
"An attractive way of speaking that’s used in French, say (5,6)",used in French,3.0,middle,ACUTE ACCENT,3.0middle
Isolated inside pit with collar to wrap throat (4-4),with collar to wrap throat,5.0,end,POLO,5.0end
A Finnish company in retreat — no way out of Africa (6),no way out of Africa,5.0,end,AIKONA,5.0end
Sentimental film has career Yank meeting Queen (10),Sentimental film,2.0,start,TEARJERKER,2.0start
"Powerful person in pub, working (5)",Powerful person,2.0,start,BARON,2.0start
"Coercion, you, say, escaped from with revolting disguise (5,2)",disguise,1.0,end,DRESS UP,1.0end
My number is secret as before (5),secret as before,3.0,end,DEARN,3.0end
Horses that might feature on the menu? (8),Horses/might feature on the menu?,5.0,middle,TROTTERS,5.0middle
Former writer’s ultimately excessive outlay (7),outlay,1.0,end,EXPENSE,1.0end
Item often illegally exported from country without coast (5),Item often illegally exported,4.0,start,IVORY,4.0start
Popular sort of tea one kept in jug (6),one kept in jug,4.0,end,INMATE,4.0end
"Summons learner driver aboard vehicle in local smashes (7,4)",Summons,1.0,start,CLARION CALL,1.0start
Enchanting woman accompanying boxing clubs (5),Enchanting woman,2.0,start,WITCH,2.0start
City witches go for (8),City,1.0,start,COVENTRY,1.0start
One hundred and fifty live in part of Ireland (5),part of Ireland,3.0,end,CLARE,3.0end
What's right in heart of Tate (3),What's right in heart of Tate,6.0,start,ART,6.0start
Italian city is situated in plain to the west (7),Italian city,2.0,start,TREVISO,2.0start
